First_Name,Last_Name,Address,Email,DOB,Ethnicity,Education,Age
James,Butt,6649 N Blue Gum St,jbutt@gmail.com,,,,
Josephine,Darakjy,4 B Blue Ridge Blvd,josephine_darakjy@darakjy.org,,,,
Art,Venere,8 W Cerritos Ave #54,art@venere.org,,,,
Lenna,Paprocki,639 Main St,lpaprocki@hotmail.com,,,,
Donette,Foller,34 Center St,donette.foller@cox.net,,,,
Simona,Morasca,3 Mcauley Dr,simona@morasca.com,,,,
Mitsue,Tollner,7 Eads St,mitsue_tollner@yahoo.com,,,,
Leota,Dilliard,7 W Jackson Blvd,leota@hotmail.com,,,,
Sage,Wieser,5 Boston Ave #88,sage_wieser@cox.net,,,,
Kris,Marrier,228 Runamuck Pl #2808,kris@gmail.com,,,,
Minna,Amigon,2371 Jerrold Ave,minna_amigon@yahoo.com,,,,
Abel,Maclead,37275 St  Rt 17m M,amaclead@gmail.com,,,,
Kiley,Caldarera,25 E 75th St #69,kiley.caldarera@aol.com,,,,
Graciela,Ruta,98 Connecticut Ave Nw,gruta@cox.net,,,,
Cammy,Albares,56 E Morehead St,calbares@gmail.com,,,,
Mattie,Poquette,73 State Road 434 E,mattie@aol.com,,,,
Meaghan,Garufi,69734 E Carrillo St,meaghan@hotmail.com,,,,
Gladys,Rim,322 New Horizon Blvd,gladys.rim@rim.org,,,,
Yuki,Whobrey,1 State Route 27,yuki_whobrey@aol.com,,,,
Fletcher,Flosi,394 Manchester Blvd,fletcher.flosi@yahoo.com,,,,
Bette,Nicka,6 S 33rd St,bette_nicka@cox.net,,,,
Veronika,Inouye,6 Greenleaf Ave,vinouye@aol.com,,,,
Willard,Kolmetz,618 W Yakima Ave,willard@hotmail.com,,,,
Maryann,Royster,74 S Westgate St,mroyster@royster.com,,,,
Alisha,Slusarski,3273 State St,alisha@slusarski.com,,,,
Allene,Iturbide,1 Central Ave,allene_iturbide@cox.net,,,,
Chanel,Caudy,86 Nw 66th St #8673,chanel.caudy@caudy.org,,,,
Ezekiel,Chui,2 Cedar Ave #84,ezekiel@chui.com,,,,
Willow,Kusko,90991 Thorburn Ave,wkusko@yahoo.com,,,,
Bernardo,Figeroa,386 9th Ave N,bfigeroa@aol.com,,,,
Ammie,Corrio,74874 Atlantic Ave,ammie@corrio.com,,,,
Francine,Vocelka,366 South Dr,francine_vocelka@vocelka.com,,,,
Ernie,Stenseth,45 E Liberty St,ernie_stenseth@aol.com,,,,
Albina,Glick,4 Ralph Ct,albina@glick.com,,,,
Alishia,Sergi,2742 Distribution Way,asergi@gmail.com,,,,
Solange,Shinko,426 Wolf St,solange@shinko.com,,,,
Jose,Stockham,128 Bransten Rd,jose@yahoo.com,,,,
Rozella,Ostrosky,17 Morena Blvd,rozella.ostrosky@ostrosky.com,,,,
Valentine,Gillian,775 W 17th St,valentine_gillian@gmail.com,,,,
Kati,Rulapaugh,6980 Dorsett Rd,kati.rulapaugh@hotmail.com,,,,
Youlanda,Schemmer,2881 Lewis Rd,youlanda@aol.com,,,,
Dyan,Oldroyd,7219 Woodfield Rd,doldroyd@aol.com,,,,
Roxane,Campain,1048 Main St,roxane@hotmail.com,,,,
Lavera,Perin,678 3rd Ave,lperin@perin.org,,,,
Erick,Ferencz,20 S Babcock St,erick.ferencz@aol.com,,,,
Fatima,Saylors,2 Lighthouse Ave,fsaylors@saylors.org,,,,
Jina,Briddick,38938 Park Blvd,jina_briddick@briddick.com,,,,
Kanisha,Waycott,5 Tomahawk Dr,kanisha_waycott@yahoo.com,,,,
Emerson,Bowley,762 S Main St,emerson.bowley@bowley.org,,,,
Blair,Malet,209 Decker Dr,bmalet@yahoo.com,,,,
Brock,Bolognia,4486 W O St #1,bbolognia@yahoo.com,,,,
Lorrie,Nestle,39 S 7th St,lnestle@hotmail.com,,,,
Sabra,Uyetake,98839 Hawthorne Blvd #6101,sabra@uyetake.org,,,,
Marjory,Mastella,71 San Mateo Ave,mmastella@mastella.com,,,,
Karl,Klonowski,76 Brooks St #9,karl_klonowski@yahoo.com,,,,
Tonette,Wenner,4545 Courthouse Rd,twenner@aol.com,,,,
Amber,Monarrez,14288 Foster Ave #4121,amber_monarrez@monarrez.org,,,,
Shenika,Seewald,4 Otis St,shenika@gmail.com,,,,
Delmy,Ahle,65895 S 16th St,delmy.ahle@hotmail.com,,,,
Deeanna,Juhas,14302 Pennsylvania Ave,deeanna_juhas@gmail.com,,,,
Blondell,Pugh,201 Hawk Ct,bpugh@aol.com,,,,
Jamal,Vanausdal,53075 Sw 152nd Ter #615,jamal@vanausdal.org,,,,
Cecily,Hollack,59 N Groesbeck Hwy,cecily@hollack.org,,,,
Carmelina,Lindall,2664 Lewis Rd,carmelina_lindall@lindall.com,,,,
Maurine,Yglesias,59 Shady Ln #53,maurine_yglesias@yglesias.com,,,,
Tawna,Buvens,3305 Nabell Ave #679,tawna@gmail.com,,,,
Penney,Weight,18 Fountain St,penney_weight@aol.com,,,,
Elly,Morocco,7 W 32nd St,elly_morocco@gmail.com,,,,
Ilene,Eroman,2853 S Central Expy,ilene.eroman@hotmail.com,,,,
Vallie,Mondella,74 W College St,vmondella@mondella.com,,,,
Kallie,Blackwood,701 S Harrison Rd,kallie.blackwood@gmail.com,,,,
Johnetta,Abdallah,1088 Pinehurst St,johnetta_abdallah@aol.com,,,,
Bobbye,Rhym,30 W 80th St #1995,brhym@rhym.com,,,,
Micaela,Rhymes,20932 Hedley St,micaela_rhymes@gmail.com,,,,
Tamar,Hoogland,2737 Pistorio Rd #9230,tamar@hotmail.com,,,,
Moon,Parlato,74989 Brandon St,moon@yahoo.com,,,,
Laurel,Reitler,6 Kains Ave,laurel_reitler@reitler.com,,,,
Delisa,Crupi,47565 W Grand Ave,delisa.crupi@crupi.com,,,,
Viva,Toelkes,4284 Dorigo Ln,viva.toelkes@gmail.com,,,,
Elza,Lipke,6794 Lake Dr E,elza@yahoo.com,,,,
Devorah,Chickering,31 Douglas Blvd #950,devorah@hotmail.com,,,,
Timothy,Mulqueen,44 W 4th St,timothy_mulqueen@mulqueen.org,,,,
Arlette,Honeywell,11279 Loytan St,ahoneywell@honeywell.com,,,,
Dominque,Dickerson,69 Marquette Ave,dominque.dickerson@dickerson.org,,,,
Lettie,Isenhower,70 W Main St,lettie_isenhower@yahoo.com,,,,
Myra,Munns,461 Prospect Pl #316,mmunns@cox.net,,,,
Stephaine,Barfield,47154 Whipple Ave Nw,stephaine@barfield.com,,,,
Lai,Gato,37 Alabama Ave,lai.gato@gato.org,,,,
Stephen,Emigh,3777 E Richmond St #900,stephen_emigh@hotmail.com,,,,
Tyra,Shields,3 Fort Worth Ave,tshields@gmail.com,,,,
Tammara,Wardrip,4800 Black Horse Pike,twardrip@cox.net,,,,
Cory,Gibes,83649 W Belmont Ave,cory.gibes@gmail.com,,,,
Danica,Bruschke,840 15th Ave,danica_bruschke@gmail.com,,,,
Wilda,Giguere,1747 Calle Amanecer #2,wilda@cox.net,,,,
Elvera,Benimadho,99385 Charity St #840,elvera.benimadho@cox.net,,,,
Carma,Vanheusen,68556 Central Hwy,carma@cox.net,,,,
Malinda,Hochard,55 Riverside Ave,malinda.hochard@yahoo.com,,,,
Natalie,Fern,7140 University Ave,natalie.fern@hotmail.com,,,,
Lisha,Centini,64 5th Ave #1153,lisha@centini.org,,,,
Arlene,Klusman,3 Secor Rd,arlene_klusman@gmail.com,,,,
Alease,Buemi,4 Webbs Chapel Rd,alease@buemi.com,,,,
Louisa,Cronauer,524 Louisiana Ave Nw,louisa@cronauer.com,,,,
Angella,Cetta,185 Blackstone Bldge,angella.cetta@hotmail.com,,,,
Cyndy,Goldammer,170 Wyoming Ave,cgoldammer@cox.net,,,,
Rosio,Cork,4 10th St W,rosio.cork@gmail.com,,,,
Celeste,Korando,7 W Pinhook Rd,ckorando@hotmail.com,,,,
Twana,Felger,1 Commerce Way,twana.felger@felger.org,,,,
Estrella,Samu,64 Lakeview Ave,estrella@aol.com,,,,
Donte,Kines,3 Aspen St,dkines@hotmail.com,,,,
Tiffiny,Steffensmeier,32860 Sierra Rd,tiffiny_steffensmeier@cox.net,,,,
Edna,Miceli,555 Main St,emiceli@miceli.org,,,,
Sue,Kownacki,2 Se 3rd Ave,sue@aol.com,,,,
Jesusa,Shin,2239 Shawnee Mission Pky,jshin@shin.com,,,,
Rolland,Francescon,2726 Charcot Ave,rolland@cox.net,,,,
Pamella,Schmierer,5161 Dorsett Rd,pamella.schmierer@schmierer.org,,,,
Glory,Kulzer,55892 Jacksonville Rd,gkulzer@kulzer.org,,,,
Shawna,Palaspas,5 N Cleveland Massillon Rd,shawna_palaspas@palaspas.org,,,,
Brandon,Callaro,7 Benton Dr,brandon_callaro@hotmail.com,,,,
Scarlet,Cartan,9390 S Howell Ave,scarlet.cartan@yahoo.com,,,,
Oretha,Menter,8 County Center Dr #647,oretha_menter@yahoo.com,,,,
Ty,Smith,4646 Kaahumanu St,tsmith@aol.com,,,,
Xuan,Rochin,2 Monroe St,xuan@gmail.com,,,,
Lindsey,Dilello,52777 Leaders Heights Rd,lindsey.dilello@hotmail.com,,,,
Devora,Perez,72868 Blackington Ave,devora_perez@perez.org,,,,
Herman,Demesa,9 Norristown Rd,hdemesa@cox.net,,,,
Rory,Papasergi,83 County Road 437 #8581,rpapasergi@cox.net,,,,
Talia,Riopelle,1 N Harlem Ave #9,talia_riopelle@aol.com,,,,
Van,Shire,90131 J St,van.shire@shire.com,,,,
Lucina,Lary,8597 W National Ave,lucina_lary@cox.net,,,,
Bok,Isaacs,6 Gilson St,bok.isaacs@aol.com,,,,
Rolande,Spickerman,65 W Maple Ave,rolande.spickerman@spickerman.com,,,,
Howard,Paulas,866 34th Ave,hpaulas@gmail.com,,,,
Kimbery,Madarang,798 Lund Farm Way,kimbery_madarang@cox.net,,,,
Thurman,Manno,9387 Charcot Ave,thurman.manno@yahoo.com,,,,
Becky,Mirafuentes,30553 Washington Rd,becky.mirafuentes@mirafuentes.com,,,,
Beatriz,Corrington,481 W Lemon St,beatriz@yahoo.com,,,,
Marti,Maybury,4 Warehouse Point Rd #7,marti.maybury@yahoo.com,,,,
Nieves,Gotter,4940 Pulaski Park Dr,nieves_gotter@gmail.com,,,,
Leatha,Hagele,627 Walford Ave,lhagele@cox.net,,,,
Valentin,Klimek,137 Pioneer Way,vklimek@klimek.org,,,,
Melissa,Wiklund,61 13 Stoneridge #835,melissa@cox.net,,,,
Sheridan,Zane,2409 Alabama Rd,sheridan.zane@zane.com,,,,
Bulah,Padilla,8927 Vandever Ave,bulah_padilla@hotmail.com,,,,
Audra,Kohnert,134 Lewis Rd,audra@kohnert.com,,,,
Daren,Weirather,9 N College Ave #3,dweirather@aol.com,,,,
Fernanda,Jillson,60480 Old Us Highway 51,fjillson@aol.com,,,,
Gearldine,Gellinger,4 Bloomfield Ave,gearldine_gellinger@gellinger.com,,,,
Chau,Kitzman,429 Tiger Ln,chau@gmail.com,,,,
Theola,Frey,54169 N Main St,theola_frey@frey.com,,,,
Cheryl,Haroldson,92 Main St,cheryl@haroldson.org,,,,
Laticia,Merced,72 Mannix Dr,lmerced@gmail.com,,,,
Carissa,Batman,12270 Caton Center Dr,carissa.batman@yahoo.com,,,,
Lezlie,Craghead,749 W 18th St #45,lezlie.craghead@craghead.org,,,,
Ozell,Shealy,8 Industry Ln,oshealy@hotmail.com,,,,
Arminda,Parvis,1 Huntwood Ave,arminda@parvis.com,,,,
Reita,Leto,55262 N French Rd,reita.leto@gmail.com,,,,
Yolando,Luczki,422 E 21st St,yolando@cox.net,,,,
Lizette,Stem,501 N 19th Ave,lizette.stem@aol.com,,,,
Gregoria,Pawlowicz,455 N Main Ave,gpawlowicz@yahoo.com,,,,
Carin,Deleo,1844 Southern Blvd,cdeleo@deleo.com,,,,
Chantell,Maynerich,2023 Greg St,chantell@yahoo.com,,,,
Dierdre,Yum,63381 Jenks Ave,dyum@yahoo.com,,,,
Larae,Gudroe,6651 Municipal Rd,larae_gudroe@gmail.com,,,,
Latrice,Tolfree,81 Norris Ave #525,latrice.tolfree@hotmail.com,,,,
Kerry,Theodorov,6916 W Main St,kerry.theodorov@gmail.com,,,,
Dorthy,Hidvegi,9635 S Main St,dhidvegi@yahoo.com,,,,
Fannie,Lungren,17 Us Highway 111,fannie.lungren@yahoo.com,,,,
Evangelina,Radde,992 Civic Center Dr,evangelina@aol.com,,,,
Novella,Degroot,303 N Radcliffe St,novella_degroot@degroot.org,,,,
Clay,Hoa,73 Saint Ann St #86,choa@hoa.org,,,,
Jennifer,Fallick,44 58th St,jfallick@yahoo.com,,,,
Irma,Wolfgramm,9745 W Main St,irma.wolfgramm@hotmail.com,,,,
Eun,Coody,84 Bloomfield Ave,eun@yahoo.com,,,,
Sylvia,Cousey,287 Youngstown Warren Rd,sylvia_cousey@cousey.org,,,,
Nana,Wrinkles,6 Van Buren St,nana@aol.com,,,,
Layla,Springe,229 N Forty Driv,layla.springe@cox.net,,,,
Joesph,Degonia,2887 Knowlton St #5435,joesph_degonia@degonia.org,,,,
Annabelle,Boord,523 Marquette Ave,annabelle.boord@cox.net,,,,
Stephaine,Vinning,3717 Hamann Industrial Pky,stephaine@cox.net,,,,
Nelida,Sawchuk,3 State Route 35 S,nelida@gmail.com,,,,
Marguerita,Hiatt,82 N Highway 67,marguerita.hiatt@gmail.com,,,,
Carmela,Cookey,9 Murfreesboro Rd,ccookey@cookey.org,,,,
Junita,Brideau,6 S Broadway St,jbrideau@aol.com,,,,
Claribel,Varriano,6 Harry L Dr #6327,claribel_varriano@cox.net,,,,
Benton,Skursky,47939 Porter Ave,benton.skursky@aol.com,,,,
Hillary,Skulski,9 Wales Rd Ne #914,hillary.skulski@aol.com,,,,
Merilyn,Bayless,195 13n N,merilyn_bayless@cox.net,,,,
Teri,Ennaco,99 Tank Farm Rd,tennaco@gmail.com,,,,
Merlyn,Lawler,4671 Alemany Blvd,merlyn_lawler@hotmail.com,,,,
Georgene,Montezuma,98 University Dr,gmontezuma@cox.net,,,,
Jettie,Mconnell,50 E Wacker Dr,jmconnell@hotmail.com,,,,
Lemuel,Latzke,70 Euclid Ave #722,lemuel.latzke@gmail.com,,,,
Melodie,Knipp,326 E Main St #6496,mknipp@gmail.com,,,,
Candida,Corbley,406 Main St,candida_corbley@hotmail.com,,,,
Karan,Karpin,3 Elmwood Dr,karan_karpin@gmail.com,,,,
Andra,Scheyer,9 Church St,andra@gmail.com,,,,
Felicidad,Poullion,9939 N 14th St,fpoullion@poullion.com,,,,
Belen,Strassner,5384 Southwyck Blvd,belen_strassner@aol.com,,,,
Gracia,Melnyk,97 Airport Loop Dr,gracia@melnyk.com,,,,
Jolanda,Hanafan,37855 Nolan Rd,jhanafan@gmail.com,,,,
Barrett,Toyama,4252 N Washington Ave #9,barrett.toyama@toyama.org,,,,
Helga,Fredicks,42754 S Ash Ave,helga_fredicks@yahoo.com,,,,
Ashlyn,Pinilla,703 Beville Rd,apinilla@cox.net,,,,
Fausto,Agramonte,5 Harrison Rd,fausto_agramonte@yahoo.com,,,,
Ronny,Caiafa,73 Southern Blvd,ronny.caiafa@caiafa.org,,,,
Marge,Limmel,189 Village Park Rd,marge@gmail.com,,,,
Norah,Waymire,6 Middlegate Rd #106,norah.waymire@gmail.com,,,,
Aliza,Baltimore,1128 Delaware St,aliza@aol.com,,,,
Mozell,Pelkowski,577 Parade St,mpelkowski@pelkowski.org,,,,
Viola,Bitsuie,70 Mechanic St,viola@gmail.com,,,,
Franklyn,Emard,4379 Highway 116,femard@emard.com,,,,
Willodean,Konopacki,55 Hawthorne Blvd,willodean_konopacki@konopacki.org,,,,
Beckie,Silvestrini,7116 Western Ave,beckie.silvestrini@silvestrini.com,,,,
Rebecka,Gesick,2026 N Plankinton Ave #3,rgesick@gesick.org,,,,
Frederica,Blunk,99586 Main St,frederica_blunk@gmail.com,,,,
Glen,Bartolet,8739 Hudson St,glen_bartolet@hotmail.com,,,,
Freeman,Gochal,383 Gunderman Rd #197,freeman_gochal@aol.com,,,,
Vincent,Meinerding,4441 Point Term Mkt,vincent.meinerding@hotmail.com,,,,
Rima,Bevelacqua,2972 Lafayette Ave,rima@cox.net,,,,
Glendora,Sarbacher,2140 Diamond Blvd,gsarbacher@gmail.com,,,,
Avery,Steier,93 Redmond Rd #492,avery@cox.net,,,,
Cristy,Lother,3989 Portage Tr,cristy@lother.com,,,,
Nicolette,Brossart,1 Midway Rd,nicolette_brossart@brossart.com,,,,
Tracey,Modzelewski,77132 Coon Rapids Blvd Nw,tracey@hotmail.com,,,,
Virgina,Tegarden,755 Harbor Way,virgina_tegarden@tegarden.com,,,,
Tiera,Frankel,87 Sierra Rd,tfrankel@aol.com,,,,
Alaine,Bergesen,7667 S Hulen St #42,alaine_bergesen@cox.net,,,,
Earleen,Mai,75684 S Withlapopka Dr #32,earleen_mai@cox.net,,,,
Leonida,Gobern,5 Elmwood Park Blvd,leonida@gobern.org,,,,
Ressie,Auffrey,23 Palo Alto Sq,ressie.auffrey@yahoo.com,,,,
Justine,Mugnolo,38062 E Main St,jmugnolo@yahoo.com,,,,
Eladia,Saulter,3958 S Dupont Hwy #7,eladia@saulter.com,,,,
Chaya,Malvin,560 Civic Center Dr,chaya@malvin.com,,,,
Gwenn,Suffield,3270 Dequindre Rd,gwenn_suffield@suffield.org,,,,
Salena,Karpel,1 Garfield Ave #7,skarpel@cox.net,,,,
Yoko,Fishburne,9122 Carpenter Ave,yoko@fishburne.com,,,,
Taryn,Moyd,48 Lenox St,taryn.moyd@hotmail.com,,,,
Katina,Polidori,5 Little River Tpke,katina_polidori@aol.com,,,,
Rickie,Plumer,3 N Groesbeck Hwy,rickie.plumer@aol.com,,,,
Alex,Loader,37 N Elm St #916,alex@loader.com,,,,
Lashon,Vizarro,433 Westminster Blvd #590,lashon@aol.com,,,,
Lauran,Burnard,66697 Park Pl #3224,lburnard@burnard.com,,,,
Ceola,Setter,96263 Greenwood Pl,ceola.setter@setter.org,,,,
My,Rantanen,8 Mcarthur Ln,my@hotmail.com,,,,
Lorrine,Worlds,8 Fair Lawn Ave,lorrine.worlds@worlds.com,,,,
Peggie,Sturiale,9 N 14th St,peggie@cox.net,,,,
Marvel,Raymo,9 Vanowen St,mraymo@yahoo.com,,,,
Daron,Dinos,18 Waterloo Geneva Rd,daron_dinos@cox.net,,,,
An,Fritz,506 S Hacienda Dr,an_fritz@hotmail.com,,,,
Portia,Stimmel,3732 Sherman Ave,portia.stimmel@aol.com,,,,
Rhea,Aredondo,25657 Live Oak St,rhea_aredondo@cox.net,,,,
Benedict,Sama,4923 Carey Ave,bsama@cox.net,,,,
Alyce,Arias,3196 S Rider Trl,alyce@arias.org,,,,
Heike,Berganza,3 Railway Ave #75,heike@gmail.com,,,,
Carey,Dopico,87393 E Highland Rd,carey_dopico@dopico.org,,,,
Dottie,Hellickson,67 E Chestnut Hill Rd,dottie@hellickson.org,,,,
Deandrea,Hughey,33 Lewis Rd #46,deandrea@yahoo.com,,,,
Kimberlie,Duenas,8100 Jacksonville Rd #7,kimberlie_duenas@yahoo.com,,,,
Martina,Staback,7 W Wabansia Ave #227,martina_staback@staback.com,,,,
Skye,Fillingim,25 Minters Chapel Rd #9,skye_fillingim@yahoo.com,,,,
Jade,Farrar,6882 Torresdale Ave,jade.farrar@yahoo.com,,,,
Charlene,Hamilton,985 E 6th Ave,charlene.hamilton@hotmail.com,,,,
Geoffrey,Acey,7 West Ave #1,geoffrey@gmail.com,,,,
Stevie,Westerbeck,26659 N 13th St,stevie.westerbeck@yahoo.com,,,,
Pamella,Fortino,669 Packerland Dr #1438,pamella@fortino.com,,,,
Harrison,Haufler,759 Eldora St,hhaufler@hotmail.com,,,,
Johnna,Engelberg,5 S Colorado Blvd #449,jengelberg@engelberg.org,,,,
Buddy,Cloney,944 Gaither Dr,buddy.cloney@yahoo.com,,,,
Dalene,Riden,66552 Malone Rd,dalene.riden@aol.com,,,,
Jerry,Zurcher,77 Massillon Rd #822,jzurcher@zurcher.org,,,,
Haydee,Denooyer,25346 New Rd,hdenooyer@denooyer.org,,,,
Joseph,Cryer,60 Fillmore Ave,joseph_cryer@cox.net,,,,
Deonna,Kippley,57 Haven Ave #90,deonna_kippley@hotmail.com,,,,
Raymon,Calvaresi,6538 E Pomona St #60,raymon.calvaresi@gmail.com,,,,
Alecia,Bubash,6535 Joyce St,alecia@aol.com,,,,
Ma,Layous,78112 Morris Ave,mlayous@hotmail.com,,,,
Detra,Coyier,96950 Hidden Ln,detra@aol.com,,,,
Terrilyn,Rodeigues,3718 S Main St,terrilyn.rodeigues@cox.net,,,,
Salome,Lacovara,9677 Commerce Dr,slacovara@gmail.com,,,,
Garry,Keetch,5 Green Pond Rd #4,garry_keetch@hotmail.com,,,,
Matthew,Neither,636 Commerce Dr #42,mneither@yahoo.com,,,,
Theodora,Restrepo,42744 Hamann Industrial Pky #82,theodora.restrepo@restrepo.com,,,,
Noah,Kalafatis,1950 5th Ave,noah.kalafatis@aol.com,,,,
Carmen,Sweigard,61304 N French Rd,csweigard@sweigard.com,,,,
Lavonda,Hengel,87 Imperial Ct #79,lavonda@cox.net,,,,
Junita,Stoltzman,94 W Dodge Rd,junita@aol.com,,,,
Herminia,Nicolozakes,4 58th St #3519,herminia@nicolozakes.org,,,,
Casie,Good,5221 Bear Valley Rd,casie.good@aol.com,,,,
Reena,Maisto,9648 S Main,reena@hotmail.com,,,,
Mirta,Mallett,7 S San Marcos Rd,mirta_mallett@gmail.com,,,,
Cathrine,Pontoriero,812 S Haven St,cathrine.pontoriero@pontoriero.com,,,,
Filiberto,Tawil,3882 W Congress St #799,ftawil@hotmail.com,,,,
Raul,Upthegrove,4 E Colonial Dr,rupthegrove@yahoo.com,,,,
Sarah,Candlish,45 2nd Ave #9759,sarah.candlish@gmail.com,,,,
Lucy,Treston,57254 Brickell Ave #372,lucy@cox.net,,,,
Judy,Aquas,8977 Connecticut Ave Nw #3,jaquas@aquas.com,,,,
Yvonne,Tjepkema,9 Waydell St,yvonne.tjepkema@hotmail.com,,,,
Kayleigh,Lace,43 Huey P Long Ave,kayleigh.lace@yahoo.com,,,,
Felix,Hirpara,7563 Cornwall Rd #4462,felix_hirpara@cox.net,,,,
Tresa,Sweely,22 Bridle Ln,tresa_sweely@hotmail.com,,,,
Kristeen,Turinetti,70099 E North Ave,kristeen@gmail.com,,,,
Jenelle,Regusters,3211 E Northeast Loop,jregusters@regusters.com,,,,
Renea,Monterrubio,26 Montgomery St,renea@hotmail.com,,,,
Olive,Matuszak,13252 Lighthouse Ave,olive@aol.com,,,,
Ligia,Reiber,206 Main St #2804,lreiber@cox.net,,,,
Christiane,Eschberger,96541 W Central Blvd,christiane.eschberger@yahoo.com,,,,
Goldie,Schirpke,34 Saint George Ave #2,goldie.schirpke@yahoo.com,,,,
Loreta,Timenez,47857 Coney Island Ave,loreta.timenez@hotmail.com,,,,
Fabiola,Hauenstein,8573 Lincoln Blvd,fabiola.hauenstein@hauenstein.org,,,,
Amie,Perigo,596 Santa Maria Ave #7913,amie.perigo@yahoo.com,,,,
Raina,Brachle,3829 Ventura Blvd,raina.brachle@brachle.org,,,,
Erinn,Canlas,13 S Hacienda Dr,erinn.canlas@canlas.com,,,,
Cherry,Lietz,40 9th Ave Sw #91,cherry@lietz.com,,,,
Kattie,Vonasek,2845 Boulder Crescent St,kattie@vonasek.org,,,,
Lilli,Scriven,33 State St,lilli@aol.com,,,,
Whitley,Tomasulo,2 S 15th St,whitley.tomasulo@aol.com,,,,
Barbra,Adkin,4 Kohler Memorial Dr,badkin@hotmail.com,,,,
Hermila,Thyberg,1 Rancho Del Mar Shopping C,hermila_thyberg@hotmail.com,,,,
Jesusita,Flister,3943 N Highland Ave,jesusita.flister@hotmail.com,,,,
Caitlin,Julia,5 Williams St,caitlin.julia@julia.org,,,,
Roosevelt,Hoffis,60 Old Dover Rd,roosevelt.hoffis@aol.com,,,,
Helaine,Halter,8 Sheridan Rd,hhalter@yahoo.com,,,,
Lorean,Martabano,85092 Southern Blvd,lorean.martabano@hotmail.com,,,,
France,Buzick,64 Newman Springs Rd E,france.buzick@yahoo.com,,,,
Justine,Ferrario,48 Stratford Ave,jferrario@hotmail.com,,,,
Adelina,Nabours,80 Pittsford Victor Rd #9,adelina_nabours@gmail.com,,,,
Derick,Dhamer,87163 N Main Ave,ddhamer@cox.net,,,,
Jerry,Dallen,393 Lafayette Ave,jerry.dallen@yahoo.com,,,,
Leota,Ragel,99 5th Ave #33,leota.ragel@gmail.com,,,,
Jutta,Amyot,49 N Mays St,jamyot@hotmail.com,,,,
Aja,Gehrett,993 Washington Ave,aja_gehrett@hotmail.com,,,,
Kirk,Herritt,88 15th Ave Ne,kirk.herritt@aol.com,,,,
Leonora,Mauson,3381 E 40th Ave,leonora@yahoo.com,,,,
Winfred,Brucato,201 Ridgewood Rd,winfred_brucato@hotmail.com,,,,
Tarra,Nachor,39 Moccasin Dr,tarra.nachor@cox.net,,,,
Corinne,Loder,4 Carroll St,corinne@loder.org,,,,
Dulce,Labreche,9581 E Arapahoe Rd,dulce_labreche@yahoo.com,,,,
Kate,Keneipp,33 N Michigan Ave,kate_keneipp@yahoo.com,,,,
Kaitlyn,Ogg,2 S Biscayne Blvd,kaitlyn.ogg@gmail.com,,,,
Sherita,Saras,8 Us Highway 22,sherita.saras@cox.net,,,,
Lashawnda,Stuer,7422 Martin Ave #8,lstuer@cox.net,,,,
Ernest,Syrop,94 Chase Rd,ernest@cox.net,,,,
Nobuko,Halsey,8139 I Hwy 10 #92,nobuko.halsey@yahoo.com,,,,
Lavonna,Wolny,5 Cabot Rd,lavonna.wolny@hotmail.com,,,,
Lashaunda,Lizama,3387 Ryan Dr,llizama@cox.net,,,,
Mariann,Bilden,3125 Packer Ave #9851,mariann.bilden@aol.com,,,,
Helene,Rodenberger,347 Chestnut St,helene@aol.com,,,,
Roselle,Estell,8116 Mount Vernon Ave,roselle.estell@hotmail.com,,,,
Samira,Heintzman,8772 Old County Rd #5410,sheintzman@hotmail.com,,,,
Margart,Meisel,868 State St #38,margart_meisel@yahoo.com,,,,
Kristofer,Bennick,772 W River Dr,kristofer.bennick@yahoo.com,,,,
Weldon,Acuff,73 W Barstow Ave,wacuff@gmail.com,,,,
Shalon,Shadrick,61047 Mayfield Ave,shalon@cox.net,,,,
Denise,Patak,2139 Santa Rosa Ave,denise@patak.org,,,,
Louvenia,Beech,598 43rd St,louvenia.beech@beech.com,,,,
Audry,Yaw,70295 Pioneer Ct,audry.yaw@yaw.org,,,,
Kristel,Ehmann,92899 Kalakaua Ave,kristel.ehmann@aol.com,,,,
Vincenza,Zepp,395 S 6th St #2,vzepp@gmail.com,,,,
Elouise,Gwalthney,9506 Edgemore Ave,egwalthney@yahoo.com,,,,
Venita,Maillard,72119 S Walker Ave #63,venita_maillard@gmail.com,,,,
Kasandra,Semidey,369 Latham St #500,kasandra_semidey@semidey.com,,,,
Xochitl,Discipio,3158 Runamuck Pl,xdiscipio@gmail.com,,,,
Maile,Linahan,9 Plainsboro Rd #598,mlinahan@yahoo.com,,,,
Krissy,Rauser,8728 S Broad St,krauser@cox.net,,,,
Pete,Dubaldi,2215 Prosperity Dr,pdubaldi@hotmail.com,,,,
Linn,Paa,1 S Pine St,linn_paa@paa.com,,,,
Paris,Wide,187 Market St,paris@hotmail.com,,,,
Wynell,Dorshorst,94290 S Buchanan St,wynell_dorshorst@dorshorst.org,,,,
Quentin,Birkner,7061 N 2nd St,qbirkner@aol.com,,,,
Regenia,Kannady,10759 Main St,regenia.kannady@cox.net,,,,
Sheron,Louissant,97 E 3rd St #9,sheron@aol.com,,,,
Izetta,Funnell,82 Winsor St #54,izetta.funnell@hotmail.com,,,,
Rodolfo,Butzen,41 Steel Ct,rodolfo@hotmail.com,,,,
Zona,Colla,49440 Dearborn St,zona@hotmail.com,,,,
Serina,Zagen,7 S Beverly Dr,szagen@aol.com,,,,
Paz,Sahagun,919 Wall Blvd,paz_sahagun@cox.net,,,,
Markus,Lukasik,89 20th St E #779,markus@yahoo.com,,,,
Jaclyn,Bachman,721 Interstate 45 S,jaclyn@aol.com,,,,
Cyril,Daufeldt,3 Lawton St,cyril_daufeldt@daufeldt.com,,,,
Gayla,Schnitzler,38 Pleasant Hill Rd,gschnitzler@gmail.com,,,,
Erick,Nievas,45 E Acacia Ct,erick_nievas@aol.com,,,,
Jennie,Drymon,63728 Poway Rd #1,jennie@cox.net,,,,
Mitsue,Scipione,77 222 Dr,mscipione@scipione.com,,,,
Ciara,Ventura,53 W Carey St,cventura@yahoo.com,,,,
Galen,Cantres,617 Nw 36th Ave,galen@yahoo.com,,,,
Truman,Feichtner,539 Coldwater Canyon Ave,tfeichtner@yahoo.com,,,,
Gail,Kitty,735 Crawford Dr,gail@kitty.com,,,,
Dalene,Schoeneck,910 Rahway Ave,dalene@schoeneck.org,,,,
Gertude,Witten,7 Tarrytown Rd,gertude.witten@gmail.com,,,,
Lizbeth,Kohl,35433 Blake St #588,lizbeth@yahoo.com,,,,
Glenn,Berray,29 Cherry St #7073,gberray@gmail.com,,,,
Lashandra,Klang,810 N La Brea Ave,lashandra@yahoo.com,,,,
Lenna,Newville,987 Main St,lnewville@newville.com,,,,
Laurel,Pagliuca,36 Enterprise St Se,laurel@yahoo.com,,,,
Mireya,Frerking,8429 Miller Rd,mireya.frerking@hotmail.com,,,,
Annelle,Tagala,5 W 7th St,annelle@yahoo.com,,,,
Dean,Ketelsen,2 Flynn Rd,dean_ketelsen@gmail.com,,,,
Levi,Munis,2094 Ne 36th Ave,levi.munis@gmail.com,,,,
Sylvie,Ryser,649 Tulane Ave,sylvie@aol.com,,,,
Sharee,Maile,2094 Montour Blvd,sharee_maile@aol.com,,,,
Cordelia,Storment,393 Hammond Dr,cordelia_storment@aol.com,,,,
Mollie,Mcdoniel,8590 Lake Lizzie Dr,mollie_mcdoniel@yahoo.com,,,,
Brett,Mccullan,87895 Concord Rd,brett.mccullan@mccullan.com,,,,
Teddy,Pedrozo,46314 Route 130,teddy_pedrozo@aol.com,,,,
Tasia,Andreason,4 Cowesett Ave,tasia_andreason@yahoo.com,,,,
Hubert,Walthall,95 Main Ave #2,hubert@walthall.org,,,,
Arthur,Farrow,28 S 7th St #2824,arthur.farrow@yahoo.com,,,,
Vilma,Berlanga,79 S Howell Ave,vberlanga@berlanga.com,,,,
Billye,Miro,36 Lancaster Dr Se,billye_miro@cox.net,,,,
Glenna,Slayton,2759 Livingston Ave,glenna_slayton@cox.net,,,,
Mitzie,Hudnall,17 Jersey Ave,mitzie_hudnall@yahoo.com,,,,
Bernardine,Rodefer,2 W Grand Ave,bernardine_rodefer@yahoo.com,,,,
Staci,Schmaltz,18 Coronado Ave #563,staci_schmaltz@aol.com,,,,
Nichelle,Meteer,72 Beechwood Ter,nichelle_meteer@meteer.com,,,,
Janine,Rhoden,92 Broadway,jrhoden@yahoo.com,,,,
Ettie,Hoopengardner,39 Franklin Ave,ettie.hoopengardner@hotmail.com,,,,
Eden,Jayson,4 Iwaena St,eden_jayson@yahoo.com,,,,
Lynelle,Auber,32820 Corkwood Rd,lynelle_auber@gmail.com,,,,
Merissa,Tomblin,34 Raritan Center Pky,merissa.tomblin@gmail.com,,,,
Golda,Kaniecki,6201 S Nevada Ave,golda_kaniecki@yahoo.com,,,,
Catarina,Gleich,78 Maryland Dr #146,catarina_gleich@hotmail.com,,,,
Virgie,Kiel,76598 Rd  I 95 #1,vkiel@hotmail.com,,,,
Jolene,Ostolaza,1610 14th St Nw,jolene@yahoo.com,,,,
Keneth,Borgman,86350 Roszel Rd,keneth@yahoo.com,,,,
Rikki,Nayar,1644 Clove Rd,rikki@nayar.com,,,,
Elke,Sengbusch,9 W Central Ave,elke_sengbusch@yahoo.com,,,,
Hoa,Sarao,27846 Lafayette Ave,hoa@sarao.org,,,,
Trinidad,Mcrae,10276 Brooks St,trinidad_mcrae@yahoo.com,,,,
Mari,Lueckenbach,1 Century Park E,mari_lueckenbach@yahoo.com,,,,
Selma,Husser,9 State Highway 57 #22,selma.husser@cox.net,,,,
Antione,Onofrio,4 S Washington Ave,aonofrio@onofrio.com,,,,
Luisa,Jurney,25 Se 176th Pl,ljurney@hotmail.com,,,,
Clorinda,Heimann,105 Richmond Valley Rd,clorinda.heimann@hotmail.com,,,,
Dick,Wenzinger,22 Spruce St #595,dick@yahoo.com,,,,
Ahmed,Angalich,2 W Beverly Blvd,ahmed.angalich@angalich.com,,,,
Iluminada,Ohms,72 Southern Blvd,iluminada.ohms@yahoo.com,,,,
Joanna,Leinenbach,1 Washington St,joanna_leinenbach@hotmail.com,,,,
Caprice,Suell,90177 N 55th Ave,caprice@aol.com,,,,
Stephane,Myricks,9 Tower Ave,stephane_myricks@cox.net,,,,
Quentin,Swayze,278 Bayview Ave,quentin_swayze@yahoo.com,,,,
Annmarie,Castros,80312 W 32nd St,annmarie_castros@gmail.com,,,,
Shonda,Greenbush,82 Us Highway 46,shonda_greenbush@cox.net,,,,
Cecil,Lapage,4 Stovall St #72,clapage@lapage.com,,,,
Jeanice,Claucherty,19 Amboy Ave,jeanice.claucherty@yahoo.com,,,,
Josphine,Villanueva,63 Smith Ln #8343,josphine_villanueva@villanueva.com,,,,
Daniel,Perruzza,11360 S Halsted St,dperruzza@perruzza.com,,,,
Cassi,Wildfong,26849 Jefferson Hwy,cassi.wildfong@aol.com,,,,
Britt,Galam,2500 Pringle Rd Se #508,britt@galam.org,,,,
Adell,Lipkin,65 Mountain View Dr,adell.lipkin@lipkin.com,,,,
Jacqueline,Rowling,1 N San Saba,jacqueline.rowling@yahoo.com,,,,
Lonny,Weglarz,51120 State Route 18,lonny_weglarz@gmail.com,,,,
Lonna,Diestel,1482 College Ave,lonna_diestel@gmail.com,,,,
Cristal,Samara,4119 Metropolitan Dr,cristal@cox.net,,,,
Kenneth,Grenet,2167 Sierra Rd,kenneth.grenet@grenet.org,,,,
Elli,Mclaird,6 Sunrise Ave,emclaird@mclaird.com,,,,
Alline,Jeanty,55713 Lake City Hwy,ajeanty@gmail.com,,,,
Sharika,Eanes,75698 N Fiesta Blvd,sharika.eanes@aol.com,,,,
Nu,Mcnease,88 Sw 28th Ter,nu@gmail.com,,,,
Daniela,Comnick,7 Flowers Rd #403,dcomnick@cox.net,,,,
Cecilia,Colaizzo,4 Nw 12th St #3849,cecilia_colaizzo@colaizzo.com,,,,
Leslie,Threets,2 A Kelley Dr,leslie@cox.net,,,,
Nan,Koppinger,88827 Frankford Ave,nan@koppinger.com,,,,
Izetta,Dewar,2 W Scyene Rd #3,idewar@dewar.com,,,,
Tegan,Arceo,62260 Park Stre,tegan.arceo@arceo.org,,,,
Ruthann,Keener,3424 29th St Se,ruthann@hotmail.com,,,,
Joni,Breland,35 E Main St #43,joni_breland@cox.net,,,,
Vi,Rentfro,7163 W Clark Rd,vrentfro@cox.net,,,,
Colette,Kardas,21575 S Apple Creek Rd,colette.kardas@yahoo.com,,,,
Malcolm,Tromblay,747 Leonis Blvd,malcolm_tromblay@cox.net,,,,
Ryan,Harnos,13 Gunnison St,ryan@cox.net,,,,
Jess,Chaffins,18 3rd Ave,jess.chaffins@chaffins.org,,,,
Sharen,Bourbon,62 W Austin St,sbourbon@yahoo.com,,,,
Nickolas,Juvera,177 S Rider Trl #52,nickolas_juvera@cox.net,,,,
Gary,Nunlee,2 W Mount Royal Ave,gary_nunlee@nunlee.org,,,,
Diane,Devreese,1953 Telegraph Rd,diane@cox.net,,,,
Roslyn,Chavous,63517 Dupont St,roslyn.chavous@chavous.org,,,,
Glory,Schieler,5 E Truman Rd,glory@yahoo.com,,,,
Rasheeda,Sayaphon,251 Park Ave #979,rasheeda@aol.com,,,,
Alpha,Palaia,43496 Commercial Dr #29,alpha@yahoo.com,,,,
Refugia,Jacobos,2184 Worth St,refugia.jacobos@jacobos.com,,,,
Shawnda,Yori,50126 N Plankinton Ave,shawnda.yori@yahoo.com,,,,
Mona,Delasancha,38773 Gravois Ave,mdelasancha@hotmail.com,,,,
Gilma,Liukko,16452 Greenwich St,gilma_liukko@gmail.com,,,,
Janey,Gabisi,40 Cambridge Ave,jgabisi@hotmail.com,,,,
Lili,Paskin,20113 4th Ave E,lili.paskin@cox.net,,,,
Loren,Asar,6 Ridgewood Center Dr,loren.asar@aol.com,,,,
Dorothy,Chesterfield,469 Outwater Ln,dorothy@cox.net,,,,
Gail,Similton,62 Monroe St,gail_similton@similton.com,,,,
Catalina,Tillotson,3338 A Lockport Pl #6,catalina@hotmail.com,,,,
Lawrence,Lorens,9 Hwy,lawrence.lorens@hotmail.com,,,,
Carlee,Boulter,8284 Hart St,carlee.boulter@hotmail.com,,,,
Thaddeus,Ankeny,5 Washington St #1,tankeny@ankeny.org,,,,
Jovita,Oles,8 S Haven St,joles@gmail.com,,,,
Alesia,Hixenbaugh,9 Front St,alesia_hixenbaugh@hixenbaugh.org,,,,
Lai,Harabedian,1933 Packer Ave #2,lai@gmail.com,,,,
Brittni,Gillaspie,67 Rv Cent,bgillaspie@gillaspie.com,,,,
Raylene,Kampa,2 Sw Nyberg Rd,rkampa@kampa.org,,,,
Flo,Bookamer,89992 E 15th St,flo.bookamer@cox.net,,,,
Jani,Biddy,61556 W 20th Ave,jbiddy@yahoo.com,,,,
Chauncey,Motley,63 E Aurora Dr,chauncey_motley@aol.com,,,,
Aleshia,Tomkiewicz,14 Taylor St,atomkiewicz@hotmail.com,,,,
Evan,Zigomalas,5 Binney St,evan.zigomalas@gmail.com,,,,
France,Andrade,8 Moor Place,france.andrade@hotmail.com,,,,
Ulysses,Mcwalters,505 Exeter Rd,ulysses@hotmail.com,,,,
Tyisha,Veness,5396 Forth Street,tyisha.veness@hotmail.com,,,,
Eric,Rampy,9472 Lind St,erampy@rampy.co.uk,,,,
Marg,Grasmick,7457 Cowl St #70,marg@hotmail.com,,,,
Laquita,Hisaw,20 Gloucester Pl #96,laquita@yahoo.com,,,,
Lura,Manzella,929 Augustine St,lura@hotmail.com,,,,
Yuette,Klapec,45 Bradfield St #166,yuette.klapec@klapec.co.uk,,,,
Fernanda,Writer,620 Northampton St,fernanda@writer.co.uk,,,,
Charlesetta,Erm,5 Hygeia St,charlesetta_erm@gmail.com,,,,
Corrinne,Jaret,2150 Morley St,corrinne_jaret@gmail.com,,,,
Niesha,Bruch,24 Bolton St,niesha.bruch@yahoo.com,,,,
Rueben,Gastellum,4 Forrest St,rueben_gastellum@gastellum.co.uk,,,,
Michell,Throssell,89 Noon St,mthrossell@throssell.co.uk,,,,
Edgar,Kanne,99 Guthrie St,edgar.kanne@yahoo.com,,,,
Dewitt,Julio,7 Richmond St,dewitt.julio@hotmail.com,,,,
Charisse,Spinello,9165 Primrose St,charisse_spinello@spinello.co.uk,,,,
Mee,Lapinski,9 Pengwern St,mee.lapinski@yahoo.com,,,,
Peter,Gutierres,4410 Tarlton St,peter_gutierres@yahoo.com,,,,
Octavio,Salvadore,6949 Bourne St,octavio.salvadore@yahoo.com,,,,
Martha,Teplica,148 Rembrandt St,mteplica@teplica.co.uk,,,,
Tamesha,Veigel,2200 Nelson St #58,tveigel@veigel.co.uk,,,,
Tess,Sitra,61 Rossett St,tess_sitra@hotmail.com,,,,
Leonard,Kufner,41 Canning St,lkufner@kufner.co.uk,,,,
Svetlana,Tauras,8289 Cadogan St,svetlana_tauras@tauras.co.uk,,,,
Pok,Molaison,211 Hobart St,pok@yahoo.com,,,,
Augustine,Growcock,114 Falkland St #8845,augustine.growcock@growcock.co.uk,,,,
Karma,Quarto,1 Birkett St,kquarto@gmail.com,,,,
Reed,Weisinger,5147 Blackstone St,reed_weisinger@yahoo.com,,,,
German,Zelaya,7 Shenstone St,german@hotmail.com,,,,
Milly,Savidge,129 Alexander Pope St,milly@gmail.com,,,,
Luis,Ear,2 Birchfield Rd,luis@hotmail.com,,,,
Ciara,Cobbley,7523 Kempton Rd,ciara_cobbley@hotmail.com,,,,
Alethea,Mould,6305 Elstow St,alethea@hotmail.com,,,,
Margurite,Loperfido,218 Greenbank Drive,mloperfido@gmail.com,,,,
Vernice,Sperazza,8921 Forge St,vernice@yahoo.com,,,,
Vicente,Rawicki,3060 St Ambrose Grove #261,vicente_rawicki@hotmail.com,,,,
Craig,Cua,8388 Bessemer St #5,craig@hotmail.com,,,,
Jenise,Dulle,87 Pownall Sq,jenise.dulle@hotmail.com,,,,
Marylin,Cornelison,39 Wye St,marylin_cornelison@yahoo.com,,,,
Marget,Gunst,2732 Bostock St #1,mgunst@yahoo.com,,,,
Annett,Bunselmeyer,5562 Fairfield St #847,abunselmeyer@hotmail.com,,,,
Kip,Turziano,37 Meadow St,kip.turziano@yahoo.com,,,,
Melina,Orizabal,3 Nevison St,melina@gmail.com,,,,
Tina,Clapham,5662 William Moult St,tclapham@gmail.com,,,,
Luisa,Devereux,3 North View #35,ldevereux@gmail.com,,,,
Pedro,Aschoff,135 Opie St,paschoff@yahoo.com,,,,
Carrol,Kunimitsu,1 Askew St,carrol_kunimitsu@yahoo.com,,,,
Alba,Mosseri,4 Burnall St,alba@gmail.com,,,,
Domonique,Sandlin,95 Denton St,domonique@hotmail.com,,,,
Rory,Neufville,5 Chadwick St #7,rory_neufville@neufville.co.uk,,,,
Dustin,Klingaman,67 Micawber St,dklingaman@gmail.com,,,,
Lyndia,Moonshower,43 Williamson St #7995,lyndia_moonshower@moonshower.co.uk,,,,
Jules,Hiltner,5 Howe St,jules@yahoo.com,,,,
Dong,Kopczynski,7 Cheapside #9,dkopczynski@kopczynski.co.uk,,,,
Justine,Salta,85 Bridgewater St,justine_salta@yahoo.com,,,,
Chantay,Kamens,763 Parkfield Rd,ckamens@hotmail.com,,,,
Tequila,Chisum,662 Grove Park,tequila.chisum@chisum.co.uk,,,,
Maybelle,Consolazio,5410 Lawton St,mconsolazio@yahoo.com,,,,
Margarett,Bairo,3 August Rd,margarett@gmail.com,,,,
Janessa,Noonon,476 Starkie St,jnoonon@yahoo.com,,,,
Sol,Cowser,6448 Tillard St,sol@gmail.com,,,,
Louann,Smethers,3055 Creswick St,louann@gmail.com,,,,
Lindsay,Yadao,7 Jolliffe St,lindsay_yadao@yadao.co.uk,,,,
Malika,Hanton,1175 Greig St,malika@gmail.com,,,,
Stefany,Ferenz,636 Portland Place,stefany@hotmail.com,,,,
Abraham,Cratch,41 Benedict St,acratch@gmail.com,,,,
Giuseppe,Rohaley,62 Margaret St,giuseppe@yahoo.com,,,,
Kiera,Bassil,5152 Sophia St,kbassil@bassil.co.uk,,,,
Wendell,Rubano,1 Back Canning St,wendell_rubano@hotmail.com,,,,
Stevie,Stifflemire,9 Gradwell St,stevie_stifflemire@stifflemire.co.uk,,,,
Yun,Paletta,9205 Upper Hill St,yun_paletta@paletta.co.uk,,,,
Brittani,Thurm,9 Horatio St,bthurm@yahoo.com,,,,
Billy,Venus,61 Miriam St,billy.venus@yahoo.com,,,,
Brynn,Elkan,67 Pulford St,brynn@yahoo.com,,,,
Elroy,Piehler,821 Pembroke Place,epiehler@piehler.co.uk,,,,
Anisha,Shulick,3 Alder St,ashulick@yahoo.com,,,,
Bettina,Kham,80 Morecambe St,bettina.kham@kham.co.uk,,,,
Velda,Mancilla,7866 Renshaw St #283,velda_mancilla@mancilla.co.uk,,,,
Marta,Brace,658 Lake St,marta.brace@brace.co.uk,,,,
Juan,Vanwyhe,5382 Redfern St,juan_vanwyhe@gmail.com,,,,
Lelia,Filion,45 Bidder St #38,lelia.filion@filion.co.uk,,,,
Una,Frankel,6766 Britton St #379,ufrankel@hotmail.com,,,,
Eva,Joulwan,7 Lear Rd,eva.joulwan@gmail.com,,,,
Mammie,Dormanen,2577 Toxteth St #5,mammie_dormanen@hotmail.com,,,,
Jeannetta,Coolidge,761 Cockerell St #1,jeannetta_coolidge@gmail.com,,,,
Elbert,Drawe,9 Cypress St,edrawe@drawe.co.uk,,,,
Lenny,Gazzola,6 Romilly St,lenny.gazzola@yahoo.com,,,,
Mira,Alpheaus,51 St Anne St #12,mira.alpheaus@yahoo.com,,,,
Cathern,Ungar,823 Idris St,cathern.ungar@ungar.co.uk,,,,
Malcom,Fleckles,8764 Nickleby St #877,malcom.fleckles@gmail.com,,,,
Monroe,Damato,5344 Bengel St #5,mdamato@damato.co.uk,,,,
Leota,Fletchen,8880 Great Howard St #7750,lfletchen@gmail.com,,,,
Berry,Gutoski,9 Oakleigh,berry@gmail.com,,,,
Meghan,Riherd,83 Denbigh St Bootle,meghan@riherd.co.uk,,,,
Mike,Torner,30 Aughton St,mike_torner@torner.co.uk,,,,
Elsa,Delisle,260 Saxon St,elsa_delisle@gmail.com,,,,
Linwood,Rosenlof,3 Pyramid St,linwood.rosenlof@yahoo.com,,,,
Latosha,Alexy,37 Langham St #948,latosha@yahoo.com,,,,
Alexia,Meenan,94 Villars St,alexia.meenan@meenan.co.uk,,,,
Graham,Stanwick,73 Hawkstone St,gstanwick@gmail.com,,,,
Elinore,Fulda,123 Sussex St,elinore.fulda@fulda.co.uk,,,,
Lisbeth,Creecy,484 Barry St,lcreecy@gmail.com,,,,
Eloisa,Faurote,7033 Micawber St,eloisa.faurote@hotmail.com,,,,
Shawana,Cantua,33 Vipond St,shawana@yahoo.com,,,,
Alyssa,Ansbro,85 Hero St,alyssa_ansbro@gmail.com,,,,
Kyoko,Mcmillian,77 Reading St #8,kyoko_mcmillian@gmail.com,,,,
Terry,Gauthier,274 Altcar Ave,tgauthier@yahoo.com,,,,
Sena,Langenbach,38 Avondale Rd #79,sena.langenbach@hotmail.com,,,,
Cristen,Nesset,4679 Curzon St,cnesset@nesset.co.uk,,,,
Lashawn,Ker,13 Nelson Rd,lashawn.ker@gmail.com,,,,
Wade,Sovel,2546 Hunter St,wade@hotmail.com,,,,
Whitney,Tishler,77 Mason St #650,whitney@gmail.com,,,,
Deja,Conatser,94 Wakefield St,deja.conatser@hotmail.com,,,,
Earnestine,Casper,529 Stalmine Rd #3680,earnestine_casper@hotmail.com,,,,
Frankie,Marruffo,52 Morningside Rd #1,fmarruffo@gmail.com,,,,
Paola,Dease,94 Enid St,pdease@gmail.com,,,,
Rodrigo,Hawkin,661 Great Crosshall St,rodrigo@hotmail.com,,,,
Luther,Alsman,227 Albert Terrace,luther@gmail.com,,,,
Casey,Dondero,464 Back Nile St #618,casey.dondero@hotmail.com,,,,
Ressie,Bontemps,42 Eastwood St,ressie_bontemps@bontemps.co.uk,,,,
Sean,Schurman,2877 Grain St,sean.schurman@schurman.co.uk,,,,
Celestina,Pince,13 Stockdale St #779,cpince@pince.co.uk,,,,
Maira,Karas,9 Cropper St,maira.karas@yahoo.com,,,,
Beth,Barbone,3 Gaskell St,bbarbone@barbone.co.uk,,,,
Wei,Nobel,5221 Royston St,wei_nobel@hotmail.com,,,,
Melissia,Slotemaker,83 St Johns Lane #43,mslotemaker@gmail.com,,,,
Letha,Akey,603 Pall Mall,letha_akey@akey.co.uk,,,,
Isaac,Semrad,76 Dawber St #6,isaac.semrad@semrad.co.uk,,,,
Kristine,Klipfel,3380 Alexander St,kristine.klipfel@yahoo.com,,,,
Odette,Moussette,216 Lissant St #8,odette_moussette@gmail.com,,,,
Hobert,Panfilov,92 Phythian St #614,hobert@gmail.com,,,,
Isadora,Mchughes,792 Queens Rd,isadora.mchughes@mchughes.co.uk,,,,
Emily,Pogorelc,5196 York St,emily.pogorelc@yahoo.com,,,,
Desire,Barresi,428 Kearsley St,desire@gmail.com,,,,
Rosalind,Stamps,8 Chestnut St,rosalind.stamps@stamps.co.uk,,,,
Vernell,Connley,998 Roe St #6,vernell@hotmail.com,,,,
Micheline,Mathieson,3 Copenhagen Rd,micheline.mathieson@yahoo.com,,,,
Nathan,Outhouse,293 Vivian St,nathan.outhouse@gmail.com,,,,
Allene,Burau,8 Barlow St #6,allene.burau@hotmail.com,,,,
Julie,Sakshaug,5 Shakspeare St #66,julie@gmail.com,,,,
Francisca,Shuhi,7 Carolina St,fshuhi@shuhi.co.uk,,,,
Marisha,Wilcoxon,52 Trowbridge St,marisha.wilcoxon@gmail.com,,,,
Telma,Maraia,25 Village St,telma@maraia.co.uk,,,,
Luke,Crete,4 Peach St #5112,luke.crete@crete.co.uk,,,,
Hubert,Mias,3614 Old Hall St #604,hubert.mias@gmail.com,,,,
Janella,Altobell,3768 Hey Green Rd,jaltobell@hotmail.com,,,,
Angelo,Lavista,97 Newlands St,angelo.lavista@gmail.com,,,,
Tran,Mandiola,6226 Maitland St,tran.mandiola@hotmail.com,,,,
Reynalda,Vanhooser,891 Crocus St,reynalda@vanhooser.co.uk,,,,
Salley,Rieger,1 Segrave St,salley.rieger@gmail.com,,,,
Cheryll,Yurich,666 Moor Place,cheryll_yurich@yurich.co.uk,,,,
Crista,Viengxay,1554 Christopher St,crista@yahoo.com,,,,
Lino,Sutulovich,55 Margaret Rd,lino.sutulovich@gmail.com,,,,
Galen,Wendorf,8830 Antonio St,galen.wendorf@wendorf.co.uk,,,,
Gilbert,Langarica,82 Sinclair St,gilbert.langarica@gmail.com,,,,
Whitney,Goossen,7568 Atlas St,whitney.goossen@hotmail.com,,,,
Socorro,Abrahams,93 Clyde Rd #9,socorro_abrahams@abrahams.co.uk,,,,
Mauricio,Flam,18 Nimrod St,mflam@gmail.com,,,,
Phillip,Aloi,6 Cannock St,paloi@hotmail.com,,,,
Gilberto,Erixon,2258 Benedict St,gerixon@gmail.com,,,,
Thad,Puskarich,9302 Ismay St #6,thad_puskarich@puskarich.co.uk,,,,
Bambi,Favaron,3347 Lawrence Rd #456,bambi.favaron@yahoo.com,,,,
Marshall,Kozikowski,47 Elwy St,marshall@hotmail.com,,,,
Chery,Wiederin,553 Picton Rd,cwiederin@yahoo.com,,,,
Eileen,Montecalvo,9986 Cantsfield St,eileen@yahoo.com,,,,
Melita,Szpak,1 Sussex St,melita.szpak@szpak.co.uk,,,,
Ashley,Jessie,9548 Ogwen St #84,ashley_jessie@jessie.co.uk,,,,
Laila,Fend,57 St Georges Hill,lfend@gmail.com,,,,
Bobbie,Guillereault,385 Upper Hampton St #39,bguillereault@gmail.com,,,,
Dana,Paluszynski,6378 Lyell St #48,dpaluszynski@paluszynski.co.uk,,,,
Freida,Newyear,675 Falstaff St #170,freida_newyear@yahoo.com,,,,
Val,Cellucci,87 Pelops St,vcellucci@yahoo.com,,,,
Horace,Knapp,5 Eyes St,horace.knapp@yahoo.com,,,,
Joana,Reinecke,2427 Olney St #7,jreinecke@reinecke.co.uk,,,,
Tiara,Schlichter,805 Westbank Rd,tiara_schlichter@schlichter.co.uk,,,,
Dacia,Swaisgood,36 Cranmer St #4697,dacia.swaisgood@swaisgood.co.uk,,,,
Myong,Babineaux,2 Kirkdale Rd,mbabineaux@babineaux.co.uk,,,,
Gene,Bleile,4687 Atherton St,gene_bleile@bleile.co.uk,,,,
Kanisha,Difiora,513 Bailey St,kanisha@gmail.com,,,,
Ayesha,Moeder,620 Old Leeds St,ayesha@gmail.com,,,,
Lanie,Smalarz,5149 Maria Rd,lanie.smalarz@yahoo.com,,,,
Jaleesa,Polintan,8 Taylor St,jpolintan@polintan.co.uk,,,,
Tamekia,Flotow,588 Venmore St,tamekia.flotow@hotmail.com,,,,
Ula,Otey,1 Newby St,ula@hotmail.com,,,,
Rosendo,Ratel,5588 Lake St #903,rratel@yahoo.com,,,,
Timmy,Lintner,9112 Hardwick St,tlintner@hotmail.com,,,,
Zita,Speltz,2395 Gloucester Pl,zita_speltz@yahoo.com,,,,
Aleisha,Lemm,341 Birchfield St,aleisha.lemm@gmail.com,,,,
Naomi,Lavezzo,9854 Ranelagh Place,naomi.lavezzo@yahoo.com,,,,
Aretha,Bowling,8 Nova Scotia,aretha@hotmail.com,,,,
Mila,Figuera,72 Lime Place,mila_figuera@yahoo.com,,,,
Orville,Zuehl,907 Denman St,orville_zuehl@zuehl.co.uk,,,,
Gabriele,Geschke,5 Garfield St #9,gabriele@geschke.co.uk,,,,
Kara,Jaquish,345 Feltwell Rd,kara@yahoo.com,,,,
Kenny,Lin,1 Towson St,kenny@lin.co.uk,,,,
Vashti,Sugai,4 Candia St #6,vashti@gmail.com,,,,
Jordan,Handsaker,2 Cherry Lane,jordan_handsaker@gmail.com,,,,
Carisa,Degenhardt,7 Britannia Ave #875,carisa.degenhardt@degenhardt.co.uk,,,,
Audrie,Danaher,63 Brunswick Sq,adanaher@yahoo.com,,,,
Shaunna,Rodamis,5 Gainsborough Rd,shaunna.rodamis@yahoo.com,,,,
Coleen,Langer,745 Goodall St #9309,coleen.langer@hotmail.com,,,,
Katie,Choinski,1267 Alderson Rd,katie@choinski.co.uk,,,,
Dannie,Brau,2 Gay St #3702,dbrau@brau.co.uk,,,,
Ashanti,Donn,3409 Benns Gardens,adonn@yahoo.com,,,,
Madalyn,Dubberly,1 Lower Burlington St,madalyn.dubberly@gmail.com,,,,
Santos,Signore,4706 Chapel Place #5993,santos@gmail.com,,,,
Alyce,Flamino,4 Mather St,alyce@yahoo.com,,,,
Pearly,Ero,9960 Gilroy Rd,pero@hotmail.com,,,,
Cherrie,Nitschke,3 Burnall St,cherrie_nitschke@yahoo.com,,,,
Maia,Shadd,8 Bigham Rd,maia_shadd@gmail.com,,,,
Edwin,Logghe,950 Gordon St,edwin_logghe@hotmail.com,,,,
Leigha,Semenza,784 Juno St #7653,lsemenza@yahoo.com,,,,
Walker,Seeger,69 Chantrey St #90,walker.seeger@yahoo.com,,,,
Nakita,Rodrigues,4 Northbrook St #600,nakita_rodrigues@gmail.com,,,,
Kattie,Ozane,526 Liffey St #759,kozane@gmail.com,,,,
Lamar,Suite,6301 Dorset Rd,lsuite@yahoo.com,,,,
Juliana,Uken,4 Summer Seat Bootle,juliana.uken@yahoo.com,,,,
Chan,Loftin,84 Walton Village,chan@gmail.com,,,,
Delpha,Detamore,8 Tagus St #9814,delpha.detamore@yahoo.com,,,,
Floyd,Tivis,770 Jamaica St,floyd_tivis@hotmail.com,,,,
Chantell,Besong,11 Tetlow St,chantell_besong@gmail.com,,,,
Martin,Fonua,7642 Ledward St,mfonua@yahoo.com,,,,
Hyun,Erdman,1432 Rutland Ave,hyun@gmail.com,,,,
Nada,Arey,22 Harewood St #95,nada@hotmail.com,,,,
Elizabeth,Pata,645 Lister Drive,elizabeth@gmail.com,,,,
Dominic,Washmuth,8977 Old Leeds St #87,dwashmuth@hotmail.com,,,,
Alise,Packebush,22 Delamore St,alise.packebush@gmail.com,,,,
Flo,Bardsley,35 Walton Lane,flo.bardsley@hotmail.com,,,,
Bonita,Sandblom,22 Kilshaw St,bsandblom@gmail.com,,,,
Royal,Rush,1 Argyle St,royal.rush@yahoo.com,,,,
Erasmo,Talentino,3 Garden Lane,erasmo.talentino@hotmail.com,,,,
Mari,Smeby,4309 Chisenhale St,msmeby@gmail.com,,,,
Eleonora,Ventry,758 Woodhouse St,eleonora@gmail.com,,,,
Therese,Shiraki,18 Ouse St,tshiraki@gmail.com,,,,
Rodolfo,Scavuzzo,5 Ruskin St,rodolfo_scavuzzo@yahoo.com,,,,
Cruz,Fanelli,4565 Blackstock St,cruz@hotmail.com,,,,
Arlyne,Dellinger,8361 Cottenham St,arlyne.dellinger@yahoo.com,,,,
Edward,Strejan,1267 Audley St,edward_strejan@gmail.com,,,,
Christoper,Sheneman,845 Atherton St,christoper@gmail.com,,,,
Melda,Colamarino,150 Margaret Rd,melda.colamarino@colamarino.co.uk,,,,
Margot,Peay,9923 Dinorben St #4838,margot.peay@yahoo.com,,,,
Gerald,Drozdenko,186 Craven St #68,gdrozdenko@yahoo.com,,,,
Tomoko,Renno,5160 High St #38,tomoko@renno.co.uk,,,,
Mendy,Wassmann,3833 Sidney Rd,mendy.wassmann@wassmann.co.uk,,,,
Daryl,Hilcher,6267 Greenland St,dhilcher@hotmail.com,,,,
Ty,Feeback,14 Landseer Rd,tfeeback@gmail.com,,,,
King,Vanacore,30 Seville St,king_vanacore@yahoo.com,,,,
Isidra,Varnado,79 Chelmsford St,ivarnado@varnado.co.uk,,,,
Tonja,Driesenga,8 South John St,tdriesenga@driesenga.co.uk,,,,
Shaquana,Featherston,50 Townsend St,shaquana@hotmail.com,,,,
Gilberto,Feagins,7643 Campbell St,gfeagins@gmail.com,,,,
Rex,Faehnle,371 Oakleigh,rfaehnle@faehnle.co.uk,,,,
Adolph,Cunningham,9874 Oakfield Rd,adolph_cunningham@hotmail.com,,,,
Queen,Leader,6 Princes St,queen_leader@gmail.com,,,,
Rebbecca,Rufenacht,4190 Seacombe St,rrufenacht@yahoo.com,,,,
Ardella,Goldrup,3145 Rhyl St,ardella.goldrup@goldrup.co.uk,,,,
Dallas,Miyashiro,4919 Lime Grove,dallas_miyashiro@miyashiro.co.uk,,,,
Vivan,Jenious,8 Carolina St,vjenious@yahoo.com,,,,
Han,Dzledzic,1592 Price St,han_dzledzic@hotmail.com,,,,
Emilio,Guitierrez,2 Weller St,emilio_guitierrez@guitierrez.co.uk,,,,
Latia,Cos,18 Thomas St,lcos@yahoo.com,,,,
Lilli,Cureau,42 Hey Green Rd,lilli@yahoo.com,,,,
Maryanne,Siske,256 Vesuvius St #159,maryanne@hotmail.com,,,,
Eliz,Strimple,82 Denison St #2642,eliz@gmail.com,,,,
Laura,Gumaer,1779 Bird St,laura_gumaer@gmail.com,,,,
Leanora,Respicio,99 College St South #1,lrespicio@respicio.co.uk,,,,
Sherell,Pomarico,29 Greenleaf St,spomarico@hotmail.com,,,,
Charlie,Isita,39 Hooton Place,charlie@isita.co.uk,,,,
Veronique,Nuckolls,198 Ranelagh Place,vnuckolls@gmail.com,,,,
Antonio,Villamarin,353 Standish St #8264,antonio.villamarin@gmail.com,,,,
Louvenia,Kincannon,87 Eldon Place,lkincannon@kincannon.co.uk,,,,
Roxanne,Hedegore,592 Catharine St,roxanne_hedegore@gmail.com,,,,
Eve,Hoffstot,1661 Arrow St,eve.hoffstot@yahoo.com,,,,
Kenda,Koza,7 Netley St,kkoza@koza.co.uk,,,,
Elden,Mercik,7 St Edmonds Rd,elden_mercik@mercik.co.uk,,,,
Kami,Ferre,6996 Wrenbury St,kami@yahoo.com,,,,
Selene,Zeng,2 Prince Rupert St,selene@yahoo.com,,,,
Deangelo,Rardon,9970 Clyde Rd,deangelo_rardon@yahoo.com,,,,
Olen,Ailey,9 Fielding St,olen@gmail.com,,,,
Lanie,Smarsh,555 Ludlow St,lanie@yahoo.com,,,,
Lynna,Breheny,1 James St #4,lynna@yahoo.com,,,,
Jody,Klitzing,3 Byng St #524,jody_klitzing@hotmail.com,,,,
Antonio,Glasford,425 Howley St,antonio_glasford@glasford.co.uk,,,,
Merilyn,Scurci,4041 Virgil St,merilyn_scurci@hotmail.com,,,,
Elliott,Kins,32 High Park St #44,elliott@gmail.com,,,,
Leonie,Devereux,88 Vernon St,leonie_devereux@gmail.com,,,,
Eulah,Syrop,62 Euston St,eulah@syrop.co.uk,,,,
Marsha,Tarry,74 Medlock St,marsha.tarry@yahoo.com,,,,
Mignon,Luger,80 Talbot St,mignon@gmail.com,,,,
Tu,Rivet,31 Buckingham Ave #3785,tu_rivet@gmail.com,,,,
Adelle,Schantini,162 Grayson St,adelle_schantini@yahoo.com,,,,
Douglass,Fonnesbeck,5 Webb St #8,douglass@fonnesbeck.co.uk,,,,
Evette,Mazierski,8092 Firdale Rd,emazierski@mazierski.co.uk,,,,
Geraldo,Okoren,68 Carno St,gokoren@okoren.co.uk,,,,
Clarinda,Pelayo,714 Moored St,cpelayo@pelayo.co.uk,,,,
Reuben,Mccorrison,545 North John St,reuben.mccorrison@hotmail.com,,,,
Yen,Groody,21 Pilgrim St,ygroody@groody.co.uk,,,,
Tanja,Milne,9772 Teilo St,tanja.milne@yahoo.com,,,,
Jerlene,Holtgrewe,33 Fonthill Rd,jholtgrewe@yahoo.com,,,,
Almeta,Keehner,3 Ivyleigh,akeehner@hotmail.com,,,,
Wilda,Brigham,501 Sandon Terrace #200,wilda@brigham.co.uk,,,,
Remedios,Arlinghaus,9 Duckenfield St,remedios.arlinghaus@gmail.com,,,,
Margret,Alcazar,5466 Sedley St,margret@alcazar.co.uk,,,,
Denny,Casalenda,75 Brewster St #453,dcasalenda@gmail.com,,,,
Carolynn,Atkison,7901 Beech St,carolynn.atkison@hotmail.com,,,,
Amina,Goulbourne,684 Cotswold St,amina@yahoo.com,,,,
Janna,Przybyl,5 April Rd #13,jprzybyl@przybyl.co.uk,,,,
Emiko,Sayre,8 Village St,emiko.sayre@yahoo.com,,,,
In,Muns,7 Haddock St #34,in_muns@muns.co.uk,,,,
Eleni,Vanscoik,9 Mather St,eleni_vanscoik@gmail.com,,,,
Kandis,Alsbury,70 Rose Vale,kalsbury@hotmail.com,,,,
Kina,Saltman,29 Oregon St,kina_saltman@gmail.com,,,,
Jacki,Sterback,15 East Albert Rd,jacki.sterback@gmail.com,,,,
Fallon,Kerfoot,3186 Naylor St,fallon.kerfoot@gmail.com,,,,
Precious,Brabble,9 Herbert St #77,precious_brabble@brabble.co.uk,,,,
Glory,Ona,9830 Croxteth Rd,glory_ona@gmail.com,,,,
Tamesha,Tyburski,1054 Gladys St,tamesha.tyburski@gmail.com,,,,
Brande,Cutlip,921 Douro St #1520,bcutlip@yahoo.com,,,,
Olene,Skubis,180 Frodsham St,olene_skubis@yahoo.com,,,,
Carey,Marchetta,7217 Edge Grove,cmarchetta@hotmail.com,,,,
Launa,Torez,12 Gelling St,launa.torez@yahoo.com,,,,
Dominga,Whitrock,763 Roscoe St,dominga@whitrock.co.uk,,,,
Dwight,Belyea,419 St Andrew St,dbelyea@belyea.co.uk,,,,
Cornell,Mccrossin,623 Cornhill,cornell.mccrossin@mccrossin.co.uk,,,,
Alverta,Topete,328 Havelock St #61,alverta.topete@gmail.com,,,,
Felicia,Claybrooks,1056 College St South,felicia@claybrooks.co.uk,,,,
Carmen,Gillham,11 Denison St #7,carmen@hotmail.com,,,,
Ashlee,Beyl,30 Daulby St,ashlee.beyl@hotmail.com,,,,
Vannessa,Land,201 Bran St,vannessa.land@yahoo.com,,,,
Patti,Rempel,1346 Vandyke St,patti@rempel.co.uk,,,,
German,Meyerhoff,883 Howe St,german@meyerhoff.co.uk,,,,
Anika,Marse,231 Wordsworth St,anika@marse.co.uk,,,,
Cristina,Marola,2449 Amberly St #6364,cmarola@gmail.com,,,,
Lemuel,Allis,8430 Shadwell St,lemuel_allis@yahoo.com,,,,
Joaquin,Hysom,115 Lister Rd,jhysom@gmail.com,,,,
Kerrie,Makuch,7855 Sir Thomas St #7499,kmakuch@gmail.com,,,,
Alaine,Raterman,1 Milton St,alaine@hotmail.com,,,,
Shannon,Kobayashi,1111 Nesfield St,shannon@yahoo.com,,,,
Corinne,Holman,1831 Richards St #8,corinne@holman.co.uk,,,,
Heidy,Hallford,8054 Low Hill,hhallford@hotmail.com,,,,
Marylyn,Shonerd,7252 Dansie St,marylyn_shonerd@yahoo.com,,,,
Maryln,Mortenson,76 Paulton St,maryln@gmail.com,,,,
Pearlie,Flori,4 Cochrane St,pearlie_flori@gmail.com,,,,
Nina,Yaklin,5679 Gloucester Pl,nyaklin@hotmail.com,,,,
Vivienne,Torrain,45 Ledward St,vivienne@hotmail.com,,,,
Jacob,Kippel,4 Monmouth Rd,jacob.kippel@yahoo.com,,,,
Tula,Nahmias,64 Croyland St,tnahmias@nahmias.co.uk,,,,
Berry,Scandalis,4 Vivian St,berry.scandalis@gmail.com,,,,
Kaycee,Carsten,35 Dublin St,kaycee.carsten@gmail.com,,,,
Melvin,Setter,87 Pickup St,melvin_setter@setter.co.uk,,,,
Brianne,Matsumura,7 Cottenham St,brianne@matsumura.co.uk,,,,
Eugene,Pelzer,622 Holmes St,eugene_pelzer@gmail.com,,,,
Margery,Rohrs,40 Peters Lane,margery@hotmail.com,,,,
Noel,Sarra,2 Cockburn St,nsarra@gmail.com,,,,
Beula,Lingo,65 Oban Rd,beula_lingo@yahoo.com,,,,
Sheridan,Mckenize,31 Davy St,sheridan.mckenize@hotmail.com,,,,
Dino,Meinert,80 Ellerslie Rd,dino.meinert@yahoo.com,,,,
Rebbeca,Rubinstein,4 Sherwood St,rebbeca_rubinstein@hotmail.com,,,,
Celia,Reisling,8362 Whithorn St,celia.reisling@hotmail.com,,,,
Stefania,Weatherwax,25 Dale St #2,sweatherwax@yahoo.com,,,,
Leah,Luchterhand,68 Scotland Place,leah@hotmail.com,,,,
Billy,Selma,338 Alfonso Rd,billy.selma@yahoo.com,,,,
Doug,Lucore,65 Rankin St,dlucore@yahoo.com,,,,
Veronica,Mcclodden,8 Cookson St,veronica@hotmail.com,,,,
Laquanda,Kho,7 Lockhart St,laquanda.kho@yahoo.com,,,,
Mohammad,Poitra,363 Vandries St,mpoitra@yahoo.com,,,,
Mozell,Westad,8 Gertrude St,mozell.westad@westad.co.uk,,,,
Bronwyn,Bridgford,826 Rumney Rd West #7,bronwyn.bridgford@yahoo.com,,,,
Jeff,Brossoit,954 Madelaine St,jeff.brossoit@yahoo.com,,,,
Shantay,Hopman,7602 Brook St #86,shopman@hopman.co.uk,,,,
Chantay,Jirsa,966 Bower St,chantay_jirsa@jirsa.co.uk,,,,
Keneth,Stpierrie,2 Seacombe St,keneth_stpierrie@hotmail.com,,,,
Alton,Rampy,83 Battenburg St,alton_rampy@gmail.com,,,,
Patrick,Teisberg,2 Whitefield Rd,patrick@hotmail.com,,,,
Theron,Merriam,869 Luke St,theron@merriam.co.uk,,,,
Pilar,Seelig,4 Ogwen St,pilar@yahoo.com,,,,
Lashunda,Argiro,205 Forge St #4021,lashunda@yahoo.com,,,,
Verda,Chiphe,999 Upper Harrington St #61,vchiphe@chiphe.co.uk,,,,
Ashley,Tropp,3 Greenleaf St #5644,ashley.tropp@gmail.com,,,,
Vesta,Havely,493 Wellington Rd,vhavely@havely.co.uk,,,,
Emogene,Ritthaler,1257 Stone St,emogene.ritthaler@yahoo.com,,,,
Shayne,Mordhorst,1 Bousfield St,smordhorst@mordhorst.co.uk,,,,
Franchesca,Charry,59 Westminster Rd,franchesca@gmail.com,,,,
Elmira,Ringlein,143 Clark St #802,eringlein@gmail.com,,,,
Destiny,Madlem,421 Monument Place #44,destiny@yahoo.com,,,,
Gaston,Szumski,8 Gullett St,gaston.szumski@hotmail.com,,,,
Ronna,Mittler,2767 Pembroke St #979,ronna_mittler@hotmail.com,,,,
Angelica,Poisso,47 Orry St #8243,apoisso@gmail.com,,,,
Casie,Arzilli,5 Noon St,casie@gmail.com,,,,
Magdalene,Cocherell,510 Belvidere Rd,magdalene_cocherell@yahoo.com,,,,
Erasmo,Gath,860 Rokeby St,egath@hotmail.com,,,,
Rosalia,Ziv,9362 Solomon St #97,rosalia.ziv@ziv.co.uk,,,,
Lyda,Cronholm,916 Strand St #4753,lyda.cronholm@cronholm.co.uk,,,,
Lisandra,Stueber,5 Bentinck St,lisandra_stueber@hotmail.com,,,,
Sabina,Prok,954 Birchdale Rd,sabina.prok@prok.co.uk,,,,
Elenore,Gomoran,7 Great Orford St,elenore_gomoran@yahoo.com,,,,
Brynn,Capra,488 Mulberry St,brynn_capra@yahoo.com,,,,
Leeann,Flory,1761 Johnstone St,leeann@gmail.com,,,,
Janet,Steimer,8899 Mere Lane,janet_steimer@hotmail.com,,,,
Lewis,Mellom,6 St Hilda St,lewis@yahoo.com,,,,
Jestine,Driscol,2725 Underley St #6452,jestine_driscol@driscol.co.uk,,,,
Tatum,Parks,6061 Back Nile St,tparks@parks.co.uk,,,,
Kayleigh,Bendle,9735 Linton St #2284,kayleigh.bendle@bendle.co.uk,,,,
Lili,Imondi,9 Herbert St,lili_imondi@hotmail.com,,,,
Sunshine,Senechal,40 Cairo St,sunshine.senechal@hotmail.com,,,,
Remona,Heier,7199 St Clare Rd,remona.heier@heier.co.uk,,,,
Gail,Carris,6 Conyers St #3346,gcarris@hotmail.com,,,,
Dong,Oropeza,8657 Cedar St #2,doropeza@hotmail.com,,,,
Larue,Ocacio,8 Jacob St,larue@yahoo.com,,,,
Goldie,Sonkens,6174 Botanic Pl,gsonkens@sonkens.co.uk,,,,
Shelia,Plues,9730 Dunnet St,shelia@gmail.com,,,,
Narcisa,Araiza,8783 High St,naraiza@hotmail.com,,,,
Evelynn,Frede,8 Breckfield Road North,evelynn.frede@gmail.com,,,,
Arlean,Calaf,82 Waterhouse Lane,acalaf@yahoo.com,,,,
Tamra,Yu,2 Park Rd Walton #4338,tamra.yu@hotmail.com,,,,
Dusti,Maricle,59 Charles St,dusti@gmail.com,,,,
Aracelis,Donham,593 Kinglake St,aracelis.donham@hotmail.com,,,,
Filiberto,Fredrikson,404 Aigburth St #4246,filiberto_fredrikson@gmail.com,,,,
Leana,Stackpole,690 Copenhagen Rd,lstackpole@yahoo.com,,,,
Man,Homer,7 Canton St,man.homer@gmail.com,,,,
Lennie,Asley,79 Pine St,lennie_asley@gmail.com,,,,
Arletta,Naomi,9 Lodwick St,arletta_naomi@naomi.co.uk,,,,
Chana,Perera,9 Ogwen St,chana.perera@hotmail.com,,,,
Nell,Pao,1730 Seymour St,npao@gmail.com,,,,
Antonio,Heilig,35 Elton St #3,antonio.heilig@gmail.com,,,,
Gerald,Kernagis,8 Hinton St #8241,gerald_kernagis@kernagis.co.uk,,,,
Sueann,Mandril,751 Stamford St,smandril@hotmail.com,,,,
Alayna,Hoyal,70 Royal St,alayna_hoyal@hotmail.com,,,,
Talia,Marthe,5 Minerva St,talia.marthe@gmail.com,,,,
Pansy,Kopan,1 Northampton St,pansy@kopan.co.uk,,,,
Royce,Saik,2 Maple Grove,royce@hotmail.com,,,,
Cherelle,Sorrel,794 Hook St,cherelle_sorrel@gmail.com,,,,
Dudley,Dibartolo,91 Ludlow St,dudley_dibartolo@yahoo.com,,,,
Nettie,Aldaco,51 Freehold St #224,nettie.aldaco@yahoo.com,,,,
Carline,Bulcao,7 Hey Green Rd #4,carline@yahoo.com,,,,
Shanda,Lunger,2476 Marsh St,slunger@gmail.com,,,,
Emilio,Withers,597 Threlfall St #72,emilio_withers@yahoo.com,,,,
Lovetta,Study,1 Jervis St,lovetta@study.co.uk,,,,
Felice,Gone,7602 Grantham St,felice.gone@hotmail.com,,,,
Stefania,Leadbeater,10 Carisbrooke St,stefania_leadbeater@hotmail.com,,,,
Margarita,Orloski,78 Pine Grove,margarita_orloski@yahoo.com,,,,
Paul,Farrin,7 Varthen St,paul.farrin@farrin.co.uk,,,,
Anglea,Tritten,8 Thomaston St,anglea_tritten@hotmail.com,,,,
Ona,Bowhall,527 Harding St,ona@yahoo.com,,,,
Germaine,Hascall,1616 Menzies St #453,ghascall@hotmail.com,,,,
Vicky,Schellenberge,3922 Leda St,vschellenberge@hotmail.com,,,,
Carolann,Gross,6352 Grosvenor St,carolann@gross.co.uk,,,,
Rusty,Adelsperger,4313 Princes Park Terrace,rusty.adelsperger@yahoo.com,,,,
Cassandra,Bludworth,9 Sydney Place,cbludworth@yahoo.com,,,,
Teresita,Gesell,2015 Suburban Rd,teresita_gesell@hotmail.com,,,,
Evangelina,Gius,769 Euston St,evangelina.gius@yahoo.com,,,,
Marlon,Tromblay,46 Stevenson St,mtromblay@yahoo.com,,,,
Quiana,Scarsella,1400 Ash St,quiana_scarsella@hotmail.com,,,,
Viki,Humeniuk,8822 Trafalgar St,vhumeniuk@gmail.com,,,,
Domitila,Weissmann,28 Berwick St,domitila@gmail.com,,,,
Ivan,Aronov,94 Regent St,ivan@gmail.com,,,,
Anabel,Baldock,30 Marine Parade #1,anabel_baldock@hotmail.com,,,,
Carlton,Blyler,8 Pim Hill St,carlton@blyler.co.uk,,,,
Rashida,Vera,8451 Bengel St,rashida@hotmail.com,,,,
Sherron,Knodel,159 Carlton St,sherron@knodel.co.uk,,,,
Cora,Mossing,38 Raffles St,cora@yahoo.com,,,,
Altha,Tischner,650 Goring St,altha@hotmail.com,,,,
Dortha,Yaccarino,6 Chestnut St,dortha@hotmail.com,,,,
Diego,Augle,4 Peover St,diego.augle@gmail.com,,,,
Peggy,Khov,328 Pallas St,peggy.khov@gmail.com,,,,
Walton,Yuki,9 Waltham Rd,wyuki@gmail.com,,,,
Vallie,Yafaie,352 Strathmore Rd,vyafaie@hotmail.com,,,,
Tony,Diazdeleon,529 Llanrwst St,tony@gmail.com,,,,
Val,Villot,1980 Tynemouth St,val@yahoo.com,,,,
Mel,Picciuto,8598 Rumney Rd,mel.picciuto@gmail.com,,,,
Isabella,Piatkowski,9283 Ruth St #81,isabella_piatkowski@piatkowski.co.uk,,,,
Erasmo,Rhea,5544 Sutherland St,erasmo_rhea@hotmail.com,,,,
Ivory,Lohrenz,9 Jackson St,ivory@hotmail.com,,,,
Nikita,Walka,3612 Bixteth St,nwalka@hotmail.com,,,,
Aleta,Ligons,4545 Victoria Rd,aleta_ligons@hotmail.com,,,,
Owen,Jentzen,5 Hampden St,owen_jentzen@jentzen.co.uk,,,,
Pauline,Fling,6452 Pilgrim St #5,pfling@fling.co.uk,,,,
Tijuana,Machalek,1149 Highfield Rd #996,tijuana.machalek@gmail.com,,,,
Ahmad,Alsaqri,21 Pickwick St,ahmad.alsaqri@yahoo.com,,,,
Jamika,Conoly,19 Soho St,jamika_conoly@conoly.co.uk,,,,
Derrick,Dolloff,236 Blantyre Rd,derrick_dolloff@gmail.com,,,,
Jacquelyne,Reibman,70 Lilly Rd,jacquelyne_reibman@yahoo.com,,,,
Zachary,Freeburger,58 Gloucester Rd,zachary.freeburger@freeburger.co.uk,,,,
Sophia,Gaucher,88 Upper Harrington St,sophia.gaucher@hotmail.com,,,,
Isabelle,Kono,4920 Fazakerley Rd,isabelle.kono@yahoo.com,,,,
Ronnie,Brigman,6 Morley St,ronnie@brigman.co.uk,,,,
Krystina,Schlabaugh,7316 Friar St,kschlabaugh@schlabaugh.co.uk,,,,
Rosita,Ausdemore,8 Heathfield St #657,rausdemore@hotmail.com,,,,
Huey,Stancil,275 Peel Sq,hstancil@hotmail.com,,,,
Elbert,Fiorino,726 Westmoreland Place,elbert@hotmail.com,,,,
Pura,Manciel,7 Water St,pura.manciel@yahoo.com,,,,
Alesia,Katie,4 Covent Garden,alesia_katie@gmail.com,,,,
Avery,Veit,9166 Devon St #905,avery@veit.co.uk,,,,
Reid,Euresti,70 Foster St,reuresti@euresti.co.uk,,,,
Charlette,Brenning,714 Fonthill Rd,cbrenning@brenning.co.uk,,,,
Celestina,Keeny,9 Milton St,celestina_keeny@gmail.com,,,,
Mi,Richan,6 Norwood Grove,mi@hotmail.com,,,,
