First_Name,Last_Name,Address,Email,DOB,Ethnicity,Education,Age
James,Butt,6649 N Blue Gum St,jbutt@gmail.com,1976-06-17,Black,High School,45
Josephine,Darakjy,4 B Blue Ridge Blvd,josephine_darakjy@darakjy.org,1980-11-23,Native American,Associate,41
Art,Venere,8 W Cerritos Ave #54,art@venere.org,1970-11-19,Unknown,Bachelor's,51
Lenna,Paprocki,639 Main St,lpaprocki@hotmail.com,2001-05-08,White,Doctorate,20
Donette,Foller,34 Center St,donette.foller@cox.net,2000-06-13,Native American,Doctorate,21
Simona,Morasca,3 Mcauley Dr,simona@morasca.com,1976-09-23,Unknown,Doctorate,45
Mitsue,Tollner,7 Eads St,mitsue_tollner@yahoo.com,1998-02-14,White,Doctorate,23
Leota,Dilliard,7 W Jackson Blvd,leota@hotmail.com,2001-05-05,Black,Bachelor's,20
Sage,Wieser,5 Boston Ave #88,sage_wieser@cox.net,1977-04-01,White,Doctorate,44
Kris,Marrier,228 Runamuck Pl #2808,kris@gmail.com,2001-11-07,White,Bachelor's,20
Minna,Amigon,2371 Jerrold Ave,minna_amigon@yahoo.com,1996-04-11,Black,Doctorate,25
Abel,Maclead,37275 St  Rt 17m M,amaclead@gmail.com,1971-05-21,White,Bachelor's,50
Kiley,Caldarera,25 E 75th St #69,kiley.caldarera@aol.com,1981-03-18,White,Associate,40
Graciela,Ruta,98 Connecticut Ave Nw,gruta@cox.net,1962-10-03,Unknown,High School,59
Cammy,Albares,56 E Morehead St,calbares@gmail.com,1977-10-23,Unknown,Associate,44
Mattie,Poquette,73 State Road 434 E,mattie@aol.com,1974-02-24,White,Doctorate,47
Meaghan,Garufi,69734 E Carrillo St,meaghan@hotmail.com,2002-06-26,Black,Doctorate,19
Gladys,Rim,322 New Horizon Blvd,gladys.rim@rim.org,2000-07-13,Native American,Master's,21
Yuki,Whobrey,1 State Route 27,yuki_whobrey@aol.com,1969-05-23,Black,Master's,52
Fletcher,Flosi,394 Manchester Blvd,fletcher.flosi@yahoo.com,1972-09-17,Unknown,High School,49
Bette,Nicka,6 S 33rd St,bette_nicka@cox.net,1969-04-20,Black,Bachelor's,52
Veronika,Inouye,6 Greenleaf Ave,vinouye@aol.com,1973-07-04,White,Doctorate,48
Willard,Kolmetz,618 W Yakima Ave,willard@hotmail.com,2000-09-06,White,High School,21
Maryann,Royster,74 S Westgate St,mroyster@royster.com,1986-09-26,Black,Master's,35
Alisha,Slusarski,3273 State St,alisha@slusarski.com,1993-06-13,White,Bachelor's,28
Allene,Iturbide,1 Central Ave,allene_iturbide@cox.net,1983-07-18,Unknown,Associate,38
Chanel,Caudy,86 Nw 66th St #8673,chanel.caudy@caudy.org,1973-07-04,Black,Bachelor's,48
Ezekiel,Chui,2 Cedar Ave #84,ezekiel@chui.com,1996-01-20,White,Master's,25
Willow,Kusko,90991 Thorburn Ave,wkusko@yahoo.com,1974-07-02,Native American,Bachelor's,47
Bernardo,Figeroa,386 9th Ave N,bfigeroa@aol.com,1963-10-29,Unknown,Bachelor's,58
Ammie,Corrio,74874 Atlantic Ave,ammie@corrio.com,1964-01-01,White,Master's,57
Francine,Vocelka,366 South Dr,francine_vocelka@vocelka.com,1969-12-23,Native American,High School,52
Ernie,Stenseth,45 E Liberty St,ernie_stenseth@aol.com,1978-02-20,Unknown,Associate,43
Albina,Glick,4 Ralph Ct,albina@glick.com,1983-01-14,White,High School,38
Alishia,Sergi,2742 Distribution Way,asergi@gmail.com,1977-03-14,Native American,Bachelor's,44
Solange,Shinko,426 Wolf St,solange@shinko.com,1986-11-23,White,Associate,35
Jose,Stockham,128 Bransten Rd,jose@yahoo.com,1984-09-15,Black,Bachelor's,37
Rozella,Ostrosky,17 Morena Blvd,rozella.ostrosky@ostrosky.com,1976-12-10,Asian,High School,45
Valentine,Gillian,775 W 17th St,valentine_gillian@gmail.com,1985-05-24,Black,Associate,36
Kati,Rulapaugh,6980 Dorsett Rd,kati.rulapaugh@hotmail.com,1981-02-25,Unknown,Doctorate,40
Youlanda,Schemmer,2881 Lewis Rd,youlanda@aol.com,1986-06-23,Asian,Master's,35
Dyan,Oldroyd,7219 Woodfield Rd,doldroyd@aol.com,1991-02-27,Black,Associate,30
Roxane,Campain,1048 Main St,roxane@hotmail.com,1999-12-30,Asian,Bachelor's,22
Lavera,Perin,678 3rd Ave,lperin@perin.org,1994-06-17,Black,Doctorate,27
Erick,Ferencz,20 S Babcock St,erick.ferencz@aol.com,1963-11-18,Unknown,Doctorate,58
Fatima,Saylors,2 Lighthouse Ave,fsaylors@saylors.org,1966-01-23,Black,High School,55
Jina,Briddick,38938 Park Blvd,jina_briddick@briddick.com,1972-01-22,Asian,Doctorate,49
Kanisha,Waycott,5 Tomahawk Dr,kanisha_waycott@yahoo.com,1987-03-11,Asian,Master's,34
Emerson,Bowley,762 S Main St,emerson.bowley@bowley.org,1965-05-02,Unknown,High School,56
Blair,Malet,209 Decker Dr,bmalet@yahoo.com,1968-04-16,Unknown,High School,53
Brock,Bolognia,4486 W O St #1,bbolognia@yahoo.com,1968-07-10,Asian,Master's,53
Lorrie,Nestle,39 S 7th St,lnestle@hotmail.com,2002-03-12,Native American,Associate,19
Sabra,Uyetake,98839 Hawthorne Blvd #6101,sabra@uyetake.org,1998-07-21,Unknown,High School,23
Marjory,Mastella,71 San Mateo Ave,mmastella@mastella.com,1981-09-19,Unknown,Doctorate,40
Karl,Klonowski,76 Brooks St #9,karl_klonowski@yahoo.com,2002-01-21,Asian,Bachelor's,19
Tonette,Wenner,4545 Courthouse Rd,twenner@aol.com,1970-08-27,Unknown,High School,51
Amber,Monarrez,14288 Foster Ave #4121,amber_monarrez@monarrez.org,1969-02-23,Unknown,High School,52
Shenika,Seewald,4 Otis St,shenika@gmail.com,2001-09-10,Unknown,High School,20
Delmy,Ahle,65895 S 16th St,delmy.ahle@hotmail.com,1996-09-19,Unknown,Bachelor's,25
Deeanna,Juhas,14302 Pennsylvania Ave,deeanna_juhas@gmail.com,1976-07-12,Asian,Associate,45
Blondell,Pugh,201 Hawk Ct,bpugh@aol.com,1989-12-20,Black,Bachelor's,32
Jamal,Vanausdal,53075 Sw 152nd Ter #615,jamal@vanausdal.org,1996-10-16,Black,Doctorate,25
Cecily,Hollack,59 N Groesbeck Hwy,cecily@hollack.org,1970-02-25,White,Doctorate,51
Carmelina,Lindall,2664 Lewis Rd,carmelina_lindall@lindall.com,1974-04-29,Asian,Doctorate,47
Maurine,Yglesias,59 Shady Ln #53,maurine_yglesias@yglesias.com,1999-03-27,Native American,Master's,22
Tawna,Buvens,3305 Nabell Ave #679,tawna@gmail.com,1997-09-29,White,Doctorate,24
Penney,Weight,18 Fountain St,penney_weight@aol.com,1994-02-06,Unknown,Associate,27
Elly,Morocco,7 W 32nd St,elly_morocco@gmail.com,1990-05-29,White,High School,31
Ilene,Eroman,2853 S Central Expy,ilene.eroman@hotmail.com,1978-06-03,White,High School,43
Vallie,Mondella,74 W College St,vmondella@mondella.com,1976-04-30,Unknown,Associate,45
Kallie,Blackwood,701 S Harrison Rd,kallie.blackwood@gmail.com,1962-11-15,Asian,High School,59
Johnetta,Abdallah,1088 Pinehurst St,johnetta_abdallah@aol.com,2000-06-06,Native American,Doctorate,21
Bobbye,Rhym,30 W 80th St #1995,brhym@rhym.com,1991-11-29,Black,Doctorate,30
Micaela,Rhymes,20932 Hedley St,micaela_rhymes@gmail.com,1966-07-12,White,Doctorate,55
Tamar,Hoogland,2737 Pistorio Rd #9230,tamar@hotmail.com,1968-09-17,Asian,High School,53
Moon,Parlato,74989 Brandon St,moon@yahoo.com,1962-10-05,Asian,Master's,59
Laurel,Reitler,6 Kains Ave,laurel_reitler@reitler.com,1965-05-27,Native American,Associate,56
Delisa,Crupi,47565 W Grand Ave,delisa.crupi@crupi.com,1964-03-03,Asian,Associate,57
Viva,Toelkes,4284 Dorigo Ln,viva.toelkes@gmail.com,1987-06-23,Unknown,Master's,34
Elza,Lipke,6794 Lake Dr E,elza@yahoo.com,1995-10-07,Asian,High School,26
Devorah,Chickering,31 Douglas Blvd #950,devorah@hotmail.com,1966-11-20,Asian,Master's,55
Timothy,Mulqueen,44 W 4th St,timothy_mulqueen@mulqueen.org,1988-06-01,Asian,Associate,33
Arlette,Honeywell,11279 Loytan St,ahoneywell@honeywell.com,1996-06-22,Unknown,Bachelor's,25
Dominque,Dickerson,69 Marquette Ave,dominque.dickerson@dickerson.org,2000-05-13,White,High School,21
Lettie,Isenhower,70 W Main St,lettie_isenhower@yahoo.com,1970-02-28,Black,High School,51
Myra,Munns,461 Prospect Pl #316,mmunns@cox.net,1997-02-23,Asian,Associate,24
Stephaine,Barfield,47154 Whipple Ave Nw,stephaine@barfield.com,1984-12-18,Unknown,Master's,37
Lai,Gato,37 Alabama Ave,lai.gato@gato.org,1998-05-24,Asian,Master's,23
Stephen,Emigh,3777 E Richmond St #900,stephen_emigh@hotmail.com,1993-04-08,Unknown,Doctorate,28
Tyra,Shields,3 Fort Worth Ave,tshields@gmail.com,1996-05-15,Asian,Doctorate,25
Tammara,Wardrip,4800 Black Horse Pike,twardrip@cox.net,1988-02-07,Black,Associate,33
Cory,Gibes,83649 W Belmont Ave,cory.gibes@gmail.com,2000-12-19,Asian,High School,21
Danica,Bruschke,840 15th Ave,danica_bruschke@gmail.com,1970-11-09,Asian,Doctorate,51
Wilda,Giguere,1747 Calle Amanecer #2,wilda@cox.net,1970-10-05,Black,Bachelor's,51
Elvera,Benimadho,99385 Charity St #840,elvera.benimadho@cox.net,1986-04-12,Unknown,Associate,35
Carma,Vanheusen,68556 Central Hwy,carma@cox.net,1969-07-14,Black,Doctorate,52
Malinda,Hochard,55 Riverside Ave,malinda.hochard@yahoo.com,1984-10-19,Black,Bachelor's,37
Natalie,Fern,7140 University Ave,natalie.fern@hotmail.com,1973-07-29,White,Bachelor's,48
Lisha,Centini,64 5th Ave #1153,lisha@centini.org,1970-03-19,Black,Doctorate,51
Arlene,Klusman,3 Secor Rd,arlene_klusman@gmail.com,1970-11-28,Native American,Bachelor's,51
Alease,Buemi,4 Webbs Chapel Rd,alease@buemi.com,1990-02-22,Black,Associate,31
Louisa,Cronauer,524 Louisiana Ave Nw,louisa@cronauer.com,1971-07-19,Unknown,High School,50
Angella,Cetta,185 Blackstone Bldge,angella.cetta@hotmail.com,2002-10-13,Black,Bachelor's,19
Cyndy,Goldammer,170 Wyoming Ave,cgoldammer@cox.net,1969-07-15,Asian,Associate,52
Rosio,Cork,4 10th St W,rosio.cork@gmail.com,1982-07-03,Native American,Associate,39
Celeste,Korando,7 W Pinhook Rd,ckorando@hotmail.com,1962-08-01,Asian,Doctorate,59
Twana,Felger,1 Commerce Way,twana.felger@felger.org,1992-08-17,Asian,Master's,29
Estrella,Samu,64 Lakeview Ave,estrella@aol.com,2000-03-26,Asian,Master's,21
Donte,Kines,3 Aspen St,dkines@hotmail.com,2001-03-02,Unknown,Associate,20
Tiffiny,Steffensmeier,32860 Sierra Rd,tiffiny_steffensmeier@cox.net,2000-06-27,Black,Associate,21
Edna,Miceli,555 Main St,emiceli@miceli.org,1999-05-01,Unknown,Master's,22
Sue,Kownacki,2 Se 3rd Ave,sue@aol.com,1973-06-23,Native American,Doctorate,48
Jesusa,Shin,2239 Shawnee Mission Pky,jshin@shin.com,1964-07-24,White,Bachelor's,57
Rolland,Francescon,2726 Charcot Ave,rolland@cox.net,1969-11-18,Asian,Bachelor's,52
Pamella,Schmierer,5161 Dorsett Rd,pamella.schmierer@schmierer.org,1966-11-25,Unknown,Associate,55
Glory,Kulzer,55892 Jacksonville Rd,gkulzer@kulzer.org,1994-09-21,Asian,High School,27
Shawna,Palaspas,5 N Cleveland Massillon Rd,shawna_palaspas@palaspas.org,1962-08-12,Unknown,Master's,59
Brandon,Callaro,7 Benton Dr,brandon_callaro@hotmail.com,1973-05-10,Unknown,Master's,48
Scarlet,Cartan,9390 S Howell Ave,scarlet.cartan@yahoo.com,1975-09-24,Unknown,High School,46
Oretha,Menter,8 County Center Dr #647,oretha_menter@yahoo.com,1994-03-30,Asian,High School,27
Ty,Smith,4646 Kaahumanu St,tsmith@aol.com,1984-12-18,Black,Associate,37
Xuan,Rochin,2 Monroe St,xuan@gmail.com,1967-08-18,White,High School,54
Lindsey,Dilello,52777 Leaders Heights Rd,lindsey.dilello@hotmail.com,1978-06-21,Black,Master's,43
Devora,Perez,72868 Blackington Ave,devora_perez@perez.org,1994-08-23,White,Associate,27
Herman,Demesa,9 Norristown Rd,hdemesa@cox.net,1997-05-02,Black,High School,24
Rory,Papasergi,83 County Road 437 #8581,rpapasergi@cox.net,1993-08-30,Unknown,High School,28
Talia,Riopelle,1 N Harlem Ave #9,talia_riopelle@aol.com,1992-06-04,Black,High School,29
Van,Shire,90131 J St,van.shire@shire.com,1983-06-09,Asian,Associate,38
Lucina,Lary,8597 W National Ave,lucina_lary@cox.net,1965-07-09,Unknown,Bachelor's,56
Bok,Isaacs,6 Gilson St,bok.isaacs@aol.com,1971-07-03,Native American,Associate,50
Rolande,Spickerman,65 W Maple Ave,rolande.spickerman@spickerman.com,2001-10-13,Unknown,Doctorate,20
Howard,Paulas,866 34th Ave,hpaulas@gmail.com,1990-11-16,Native American,Associate,31
Kimbery,Madarang,798 Lund Farm Way,kimbery_madarang@cox.net,1998-11-23,Native American,Master's,23
Thurman,Manno,9387 Charcot Ave,thurman.manno@yahoo.com,1962-04-23,Black,Associate,59
Becky,Mirafuentes,30553 Washington Rd,becky.mirafuentes@mirafuentes.com,1962-04-15,White,Doctorate,59
Beatriz,Corrington,481 W Lemon St,beatriz@yahoo.com,1995-09-24,Unknown,Doctorate,26
Marti,Maybury,4 Warehouse Point Rd #7,marti.maybury@yahoo.com,1964-12-28,White,Master's,57
Nieves,Gotter,4940 Pulaski Park Dr,nieves_gotter@gmail.com,1990-01-07,Black,Associate,31
Leatha,Hagele,627 Walford Ave,lhagele@cox.net,1984-12-22,White,Associate,37
Valentin,Klimek,137 Pioneer Way,vklimek@klimek.org,1971-05-25,Black,Bachelor's,50
Melissa,Wiklund,61 13 Stoneridge #835,melissa@cox.net,1966-08-16,Asian,Bachelor's,55
Sheridan,Zane,2409 Alabama Rd,sheridan.zane@zane.com,1995-02-09,White,Bachelor's,26
Bulah,Padilla,8927 Vandever Ave,bulah_padilla@hotmail.com,1997-02-07,Asian,Master's,24
Audra,Kohnert,134 Lewis Rd,audra@kohnert.com,1976-07-17,White,Bachelor's,45
Daren,Weirather,9 N College Ave #3,dweirather@aol.com,1992-02-27,Native American,Bachelor's,29
Fernanda,Jillson,60480 Old Us Highway 51,fjillson@aol.com,1979-09-23,White,Associate,42
Gearldine,Gellinger,4 Bloomfield Ave,gearldine_gellinger@gellinger.com,1961-06-06,Native American,Doctorate,60
Chau,Kitzman,429 Tiger Ln,chau@gmail.com,1998-03-28,White,High School,23
Theola,Frey,54169 N Main St,theola_frey@frey.com,1981-02-13,White,Associate,40
Cheryl,Haroldson,92 Main St,cheryl@haroldson.org,1985-07-28,Unknown,Bachelor's,36
Laticia,Merced,72 Mannix Dr,lmerced@gmail.com,1999-03-08,Asian,High School,22
Carissa,Batman,12270 Caton Center Dr,carissa.batman@yahoo.com,1983-04-04,Native American,High School,38
Lezlie,Craghead,749 W 18th St #45,lezlie.craghead@craghead.org,1962-02-01,Native American,Bachelor's,59
Ozell,Shealy,8 Industry Ln,oshealy@hotmail.com,1981-12-01,Asian,Doctorate,40
Arminda,Parvis,1 Huntwood Ave,arminda@parvis.com,1971-12-02,Black,Bachelor's,50
Reita,Leto,55262 N French Rd,reita.leto@gmail.com,1998-02-21,Asian,Doctorate,23
Yolando,Luczki,422 E 21st St,yolando@cox.net,1973-03-03,Unknown,Doctorate,48
Lizette,Stem,501 N 19th Ave,lizette.stem@aol.com,1984-01-09,Asian,High School,37
Gregoria,Pawlowicz,455 N Main Ave,gpawlowicz@yahoo.com,1966-08-16,Asian,Bachelor's,55
Carin,Deleo,1844 Southern Blvd,cdeleo@deleo.com,1974-04-09,Asian,Master's,47
Chantell,Maynerich,2023 Greg St,chantell@yahoo.com,1996-12-04,White,Bachelor's,25
Dierdre,Yum,63381 Jenks Ave,dyum@yahoo.com,1972-10-25,Asian,Master's,49
Larae,Gudroe,6651 Municipal Rd,larae_gudroe@gmail.com,1990-06-01,Unknown,Associate,31
Latrice,Tolfree,81 Norris Ave #525,latrice.tolfree@hotmail.com,1973-09-08,Native American,High School,48
Kerry,Theodorov,6916 W Main St,kerry.theodorov@gmail.com,1968-08-26,Asian,Bachelor's,53
Dorthy,Hidvegi,9635 S Main St,dhidvegi@yahoo.com,1982-09-25,Asian,High School,39
Fannie,Lungren,17 Us Highway 111,fannie.lungren@yahoo.com,1969-10-14,Black,High School,52
Evangelina,Radde,992 Civic Center Dr,evangelina@aol.com,1962-05-28,Native American,Master's,59
Novella,Degroot,303 N Radcliffe St,novella_degroot@degroot.org,1962-06-19,Black,Doctorate,59
Clay,Hoa,73 Saint Ann St #86,choa@hoa.org,1982-01-19,Native American,Doctorate,39
Jennifer,Fallick,44 58th St,jfallick@yahoo.com,1987-04-03,Asian,High School,34
Irma,Wolfgramm,9745 W Main St,irma.wolfgramm@hotmail.com,1999-04-24,White,Associate,22
Eun,Coody,84 Bloomfield Ave,eun@yahoo.com,1982-07-04,White,Doctorate,39
Sylvia,Cousey,287 Youngstown Warren Rd,sylvia_cousey@cousey.org,1978-04-17,Black,Bachelor's,43
Nana,Wrinkles,6 Van Buren St,nana@aol.com,1980-04-03,Unknown,Doctorate,41
Layla,Springe,229 N Forty Driv,layla.springe@cox.net,1998-09-23,Black,Master's,23
Joesph,Degonia,2887 Knowlton St #5435,joesph_degonia@degonia.org,1982-06-15,Native American,Bachelor's,39
Annabelle,Boord,523 Marquette Ave,annabelle.boord@cox.net,1982-12-05,Asian,Bachelor's,39
Stephaine,Vinning,3717 Hamann Industrial Pky,stephaine@cox.net,2000-07-07,Black,Associate,21
Nelida,Sawchuk,3 State Route 35 S,nelida@gmail.com,1985-07-14,White,High School,36
Marguerita,Hiatt,82 N Highway 67,marguerita.hiatt@gmail.com,1966-05-31,Native American,Master's,55
Carmela,Cookey,9 Murfreesboro Rd,ccookey@cookey.org,1963-03-25,Native American,Master's,58
Junita,Brideau,6 S Broadway St,jbrideau@aol.com,1977-02-16,Unknown,Bachelor's,44
Claribel,Varriano,6 Harry L Dr #6327,claribel_varriano@cox.net,1997-08-08,Asian,High School,24
Benton,Skursky,47939 Porter Ave,benton.skursky@aol.com,1961-05-22,Native American,Doctorate,60
Hillary,Skulski,9 Wales Rd Ne #914,hillary.skulski@aol.com,1992-01-10,Unknown,Doctorate,29
Merilyn,Bayless,195 13n N,merilyn_bayless@cox.net,1987-08-17,Native American,Master's,34
Teri,Ennaco,99 Tank Farm Rd,tennaco@gmail.com,1986-05-14,Native American,Master's,35
Merlyn,Lawler,4671 Alemany Blvd,merlyn_lawler@hotmail.com,1991-07-20,White,Doctorate,30
Georgene,Montezuma,98 University Dr,gmontezuma@cox.net,1990-11-24,White,Doctorate,31
Jettie,Mconnell,50 E Wacker Dr,jmconnell@hotmail.com,1964-09-29,White,Master's,57
Lemuel,Latzke,70 Euclid Ave #722,lemuel.latzke@gmail.com,1989-08-10,White,Associate,32
Melodie,Knipp,326 E Main St #6496,mknipp@gmail.com,1962-12-31,Asian,Associate,59
Candida,Corbley,406 Main St,candida_corbley@hotmail.com,1961-04-21,Asian,Doctorate,60
Karan,Karpin,3 Elmwood Dr,karan_karpin@gmail.com,1988-12-23,Unknown,Associate,33
Andra,Scheyer,9 Church St,andra@gmail.com,1970-07-02,Asian,Master's,51
Felicidad,Poullion,9939 N 14th St,fpoullion@poullion.com,1963-11-01,Unknown,Master's,58
Belen,Strassner,5384 Southwyck Blvd,belen_strassner@aol.com,1998-06-30,Native American,Associate,23
Gracia,Melnyk,97 Airport Loop Dr,gracia@melnyk.com,1995-03-25,White,Bachelor's,26
Jolanda,Hanafan,37855 Nolan Rd,jhanafan@gmail.com,2002-03-07,White,Doctorate,19
Barrett,Toyama,4252 N Washington Ave #9,barrett.toyama@toyama.org,1967-07-20,Asian,Bachelor's,54
Helga,Fredicks,42754 S Ash Ave,helga_fredicks@yahoo.com,1980-04-16,Black,High School,41
Ashlyn,Pinilla,703 Beville Rd,apinilla@cox.net,1999-07-02,Unknown,Bachelor's,22
Fausto,Agramonte,5 Harrison Rd,fausto_agramonte@yahoo.com,1974-12-14,Asian,Master's,47
Ronny,Caiafa,73 Southern Blvd,ronny.caiafa@caiafa.org,1997-12-15,Unknown,Doctorate,24
Marge,Limmel,189 Village Park Rd,marge@gmail.com,1971-02-02,White,Bachelor's,50
Norah,Waymire,6 Middlegate Rd #106,norah.waymire@gmail.com,1977-02-16,Asian,Doctorate,44
Aliza,Baltimore,1128 Delaware St,aliza@aol.com,1988-03-11,Black,Bachelor's,33
Mozell,Pelkowski,577 Parade St,mpelkowski@pelkowski.org,1991-08-26,White,High School,30
Viola,Bitsuie,70 Mechanic St,viola@gmail.com,1961-10-17,Black,Master's,60
Franklyn,Emard,4379 Highway 116,femard@emard.com,1964-03-23,Unknown,High School,57
Willodean,Konopacki,55 Hawthorne Blvd,willodean_konopacki@konopacki.org,2001-11-22,White,Bachelor's,20
Beckie,Silvestrini,7116 Western Ave,beckie.silvestrini@silvestrini.com,1961-02-07,Black,Doctorate,60
Rebecka,Gesick,2026 N Plankinton Ave #3,rgesick@gesick.org,1990-06-24,White,Bachelor's,31
Frederica,Blunk,99586 Main St,frederica_blunk@gmail.com,1979-02-21,White,Doctorate,42
Glen,Bartolet,8739 Hudson St,glen_bartolet@hotmail.com,1985-11-02,Asian,Bachelor's,36
Freeman,Gochal,383 Gunderman Rd #197,freeman_gochal@aol.com,1975-12-03,White,Bachelor's,46
Vincent,Meinerding,4441 Point Term Mkt,vincent.meinerding@hotmail.com,2000-07-19,Asian,High School,21
Rima,Bevelacqua,2972 Lafayette Ave,rima@cox.net,1978-10-30,Native American,Master's,43
Glendora,Sarbacher,2140 Diamond Blvd,gsarbacher@gmail.com,1964-07-21,Black,High School,57
Avery,Steier,93 Redmond Rd #492,avery@cox.net,1967-06-08,White,Master's,54
Cristy,Lother,3989 Portage Tr,cristy@lother.com,2000-12-13,White,Doctorate,21
Nicolette,Brossart,1 Midway Rd,nicolette_brossart@brossart.com,1983-06-23,White,Associate,38
Tracey,Modzelewski,77132 Coon Rapids Blvd Nw,tracey@hotmail.com,1986-11-23,White,Associate,35
Virgina,Tegarden,755 Harbor Way,virgina_tegarden@tegarden.com,1979-10-16,Black,Master's,42
Tiera,Frankel,87 Sierra Rd,tfrankel@aol.com,1979-02-23,Unknown,Bachelor's,42
Alaine,Bergesen,7667 S Hulen St #42,alaine_bergesen@cox.net,1965-08-08,Black,Doctorate,56
Earleen,Mai,75684 S Withlapopka Dr #32,earleen_mai@cox.net,1989-12-02,Native American,Bachelor's,32
Leonida,Gobern,5 Elmwood Park Blvd,leonida@gobern.org,2000-07-29,White,High School,21
Ressie,Auffrey,23 Palo Alto Sq,ressie.auffrey@yahoo.com,1999-12-18,Unknown,Doctorate,22
Justine,Mugnolo,38062 E Main St,jmugnolo@yahoo.com,1983-01-01,Asian,High School,38
Eladia,Saulter,3958 S Dupont Hwy #7,eladia@saulter.com,1975-07-05,Black,Associate,46
Chaya,Malvin,560 Civic Center Dr,chaya@malvin.com,2002-11-04,Native American,Bachelor's,19
Gwenn,Suffield,3270 Dequindre Rd,gwenn_suffield@suffield.org,1996-03-17,White,High School,25
Salena,Karpel,1 Garfield Ave #7,skarpel@cox.net,1989-08-08,Native American,Bachelor's,32
Yoko,Fishburne,9122 Carpenter Ave,yoko@fishburne.com,1972-12-01,Black,Doctorate,49
Taryn,Moyd,48 Lenox St,taryn.moyd@hotmail.com,1999-07-26,Native American,Doctorate,22
Katina,Polidori,5 Little River Tpke,katina_polidori@aol.com,1969-09-12,Black,Doctorate,52
Rickie,Plumer,3 N Groesbeck Hwy,rickie.plumer@aol.com,1962-07-22,Asian,Associate,59
Alex,Loader,37 N Elm St #916,alex@loader.com,1973-07-16,Black,Bachelor's,48
Lashon,Vizarro,433 Westminster Blvd #590,lashon@aol.com,1987-07-29,White,Associate,34
Lauran,Burnard,66697 Park Pl #3224,lburnard@burnard.com,1987-09-01,Black,High School,34
Ceola,Setter,96263 Greenwood Pl,ceola.setter@setter.org,1974-09-21,White,High School,47
My,Rantanen,8 Mcarthur Ln,my@hotmail.com,1994-02-09,Asian,Bachelor's,27
Lorrine,Worlds,8 Fair Lawn Ave,lorrine.worlds@worlds.com,1961-03-08,Unknown,High School,60
Peggie,Sturiale,9 N 14th St,peggie@cox.net,1991-07-28,Unknown,Doctorate,30
Marvel,Raymo,9 Vanowen St,mraymo@yahoo.com,1995-09-30,Native American,High School,26
Daron,Dinos,18 Waterloo Geneva Rd,daron_dinos@cox.net,1963-10-15,Black,High School,58
An,Fritz,506 S Hacienda Dr,an_fritz@hotmail.com,1998-12-29,White,High School,23
Portia,Stimmel,3732 Sherman Ave,portia.stimmel@aol.com,1982-10-07,Unknown,Associate,39
Rhea,Aredondo,25657 Live Oak St,rhea_aredondo@cox.net,1986-06-22,Native American,High School,35
Benedict,Sama,4923 Carey Ave,bsama@cox.net,1979-06-06,White,High School,42
Alyce,Arias,3196 S Rider Trl,alyce@arias.org,2000-01-12,Native American,Bachelor's,21
Heike,Berganza,3 Railway Ave #75,heike@gmail.com,1994-06-28,Asian,Associate,27
Carey,Dopico,87393 E Highland Rd,carey_dopico@dopico.org,1979-12-27,White,High School,42
Dottie,Hellickson,67 E Chestnut Hill Rd,dottie@hellickson.org,1989-12-29,Black,Associate,32
Deandrea,Hughey,33 Lewis Rd #46,deandrea@yahoo.com,1975-01-23,Asian,Associate,46
Kimberlie,Duenas,8100 Jacksonville Rd #7,kimberlie_duenas@yahoo.com,1991-03-23,Asian,Doctorate,30
Martina,Staback,7 W Wabansia Ave #227,martina_staback@staback.com,2000-04-03,White,Doctorate,21
Skye,Fillingim,25 Minters Chapel Rd #9,skye_fillingim@yahoo.com,1994-11-04,Asian,Associate,27
Jade,Farrar,6882 Torresdale Ave,jade.farrar@yahoo.com,1970-07-03,Unknown,Bachelor's,51
Charlene,Hamilton,985 E 6th Ave,charlene.hamilton@hotmail.com,2002-07-29,Black,Bachelor's,19
Geoffrey,Acey,7 West Ave #1,geoffrey@gmail.com,1972-11-25,Black,Doctorate,49
Stevie,Westerbeck,26659 N 13th St,stevie.westerbeck@yahoo.com,1973-05-03,Asian,High School,48
Pamella,Fortino,669 Packerland Dr #1438,pamella@fortino.com,1968-07-27,Native American,Associate,53
Harrison,Haufler,759 Eldora St,hhaufler@hotmail.com,1997-03-27,White,Bachelor's,24
Johnna,Engelberg,5 S Colorado Blvd #449,jengelberg@engelberg.org,1981-05-31,Native American,High School,40
Buddy,Cloney,944 Gaither Dr,buddy.cloney@yahoo.com,1971-12-09,Unknown,Master's,50
Dalene,Riden,66552 Malone Rd,dalene.riden@aol.com,1983-04-22,Black,Master's,38
Jerry,Zurcher,77 Massillon Rd #822,jzurcher@zurcher.org,1970-04-25,Asian,Associate,51
Haydee,Denooyer,25346 New Rd,hdenooyer@denooyer.org,1962-07-29,White,Master's,59
Joseph,Cryer,60 Fillmore Ave,joseph_cryer@cox.net,1969-08-07,White,Doctorate,52
Deonna,Kippley,57 Haven Ave #90,deonna_kippley@hotmail.com,1967-07-02,White,Master's,54
Raymon,Calvaresi,6538 E Pomona St #60,raymon.calvaresi@gmail.com,1967-03-27,Unknown,Associate,54
Alecia,Bubash,6535 Joyce St,alecia@aol.com,1964-08-23,Asian,Master's,57
Ma,Layous,78112 Morris Ave,mlayous@hotmail.com,1987-04-01,Unknown,Master's,34
Detra,Coyier,96950 Hidden Ln,detra@aol.com,1976-05-18,Unknown,High School,45
Terrilyn,Rodeigues,3718 S Main St,terrilyn.rodeigues@cox.net,1978-04-18,Asian,High School,43
Salome,Lacovara,9677 Commerce Dr,slacovara@gmail.com,2000-11-25,White,Doctorate,21
Garry,Keetch,5 Green Pond Rd #4,garry_keetch@hotmail.com,2000-02-10,Asian,Master's,21
Matthew,Neither,636 Commerce Dr #42,mneither@yahoo.com,1974-05-25,White,Doctorate,47
Theodora,Restrepo,42744 Hamann Industrial Pky #82,theodora.restrepo@restrepo.com,1999-03-15,White,Bachelor's,22
Noah,Kalafatis,1950 5th Ave,noah.kalafatis@aol.com,2001-08-17,Native American,Doctorate,20
Carmen,Sweigard,61304 N French Rd,csweigard@sweigard.com,1977-08-31,White,High School,44
Lavonda,Hengel,87 Imperial Ct #79,lavonda@cox.net,1993-03-13,Unknown,Master's,28
Junita,Stoltzman,94 W Dodge Rd,junita@aol.com,1979-03-31,Native American,Master's,42
Herminia,Nicolozakes,4 58th St #3519,herminia@nicolozakes.org,1964-04-16,Unknown,Bachelor's,57
Casie,Good,5221 Bear Valley Rd,casie.good@aol.com,1967-05-19,Unknown,Master's,54
Reena,Maisto,9648 S Main,reena@hotmail.com,1972-02-04,White,Doctorate,49
Mirta,Mallett,7 S San Marcos Rd,mirta_mallett@gmail.com,1975-09-07,Asian,Associate,46
Cathrine,Pontoriero,812 S Haven St,cathrine.pontoriero@pontoriero.com,1995-01-23,Native American,High School,26
Filiberto,Tawil,3882 W Congress St #799,ftawil@hotmail.com,1972-05-08,Unknown,High School,49
Raul,Upthegrove,4 E Colonial Dr,rupthegrove@yahoo.com,1966-09-26,Unknown,Doctorate,55
Sarah,Candlish,45 2nd Ave #9759,sarah.candlish@gmail.com,1990-12-17,Unknown,High School,31
Lucy,Treston,57254 Brickell Ave #372,lucy@cox.net,1965-09-14,Unknown,Bachelor's,56
Judy,Aquas,8977 Connecticut Ave Nw #3,jaquas@aquas.com,1969-06-05,Unknown,Master's,52
Yvonne,Tjepkema,9 Waydell St,yvonne.tjepkema@hotmail.com,1979-03-16,Asian,High School,42
Kayleigh,Lace,43 Huey P Long Ave,kayleigh.lace@yahoo.com,1966-12-18,Native American,High School,55
Felix,Hirpara,7563 Cornwall Rd #4462,felix_hirpara@cox.net,2000-03-18,Native American,High School,21
Tresa,Sweely,22 Bridle Ln,tresa_sweely@hotmail.com,1997-06-18,Native American,Associate,24
Kristeen,Turinetti,70099 E North Ave,kristeen@gmail.com,1968-05-24,Asian,Doctorate,53
Jenelle,Regusters,3211 E Northeast Loop,jregusters@regusters.com,1996-10-29,White,Associate,25
Renea,Monterrubio,26 Montgomery St,renea@hotmail.com,1982-10-26,Native American,Master's,39
Olive,Matuszak,13252 Lighthouse Ave,olive@aol.com,1962-05-30,Native American,Associate,59
Ligia,Reiber,206 Main St #2804,lreiber@cox.net,1997-04-30,White,Associate,24
Christiane,Eschberger,96541 W Central Blvd,christiane.eschberger@yahoo.com,1991-09-17,White,High School,30
Goldie,Schirpke,34 Saint George Ave #2,goldie.schirpke@yahoo.com,1996-03-19,Native American,High School,25
Loreta,Timenez,47857 Coney Island Ave,loreta.timenez@hotmail.com,1980-12-05,Unknown,Bachelor's,41
Fabiola,Hauenstein,8573 Lincoln Blvd,fabiola.hauenstein@hauenstein.org,1991-12-11,Unknown,High School,30
Amie,Perigo,596 Santa Maria Ave #7913,amie.perigo@yahoo.com,1973-05-12,Black,Associate,48
Raina,Brachle,3829 Ventura Blvd,raina.brachle@brachle.org,1997-04-16,Black,Associate,24
Erinn,Canlas,13 S Hacienda Dr,erinn.canlas@canlas.com,1969-04-07,White,High School,52
Cherry,Lietz,40 9th Ave Sw #91,cherry@lietz.com,1962-09-02,White,Bachelor's,59
Kattie,Vonasek,2845 Boulder Crescent St,kattie@vonasek.org,1969-04-15,Native American,Master's,52
Lilli,Scriven,33 State St,lilli@aol.com,1979-05-10,Black,Master's,42
Whitley,Tomasulo,2 S 15th St,whitley.tomasulo@aol.com,1989-01-30,Unknown,Doctorate,32
Barbra,Adkin,4 Kohler Memorial Dr,badkin@hotmail.com,1961-09-22,Asian,High School,60
Hermila,Thyberg,1 Rancho Del Mar Shopping C,hermila_thyberg@hotmail.com,1964-01-17,Unknown,Master's,57
Jesusita,Flister,3943 N Highland Ave,jesusita.flister@hotmail.com,1976-03-30,Asian,Associate,45
Caitlin,Julia,5 Williams St,caitlin.julia@julia.org,1999-03-11,White,Bachelor's,22
Roosevelt,Hoffis,60 Old Dover Rd,roosevelt.hoffis@aol.com,1997-12-15,White,High School,24
Helaine,Halter,8 Sheridan Rd,hhalter@yahoo.com,1997-07-25,Native American,Master's,24
Lorean,Martabano,85092 Southern Blvd,lorean.martabano@hotmail.com,1976-05-17,Unknown,Bachelor's,45
France,Buzick,64 Newman Springs Rd E,france.buzick@yahoo.com,1961-06-29,Asian,Bachelor's,60
Justine,Ferrario,48 Stratford Ave,jferrario@hotmail.com,1971-09-21,White,Associate,50
Adelina,Nabours,80 Pittsford Victor Rd #9,adelina_nabours@gmail.com,1973-03-30,White,Master's,48
Derick,Dhamer,87163 N Main Ave,ddhamer@cox.net,1971-07-26,Native American,High School,50
Jerry,Dallen,393 Lafayette Ave,jerry.dallen@yahoo.com,1987-05-16,Native American,Bachelor's,34
Leota,Ragel,99 5th Ave #33,leota.ragel@gmail.com,1981-02-09,White,High School,40
Jutta,Amyot,49 N Mays St,jamyot@hotmail.com,1975-08-25,White,Doctorate,46
Aja,Gehrett,993 Washington Ave,aja_gehrett@hotmail.com,1976-08-01,Black,Associate,45
Kirk,Herritt,88 15th Ave Ne,kirk.herritt@aol.com,2002-06-11,Native American,Master's,19
Leonora,Mauson,3381 E 40th Ave,leonora@yahoo.com,1963-09-07,Black,Doctorate,58
Winfred,Brucato,201 Ridgewood Rd,winfred_brucato@hotmail.com,1963-02-18,Asian,High School,58
Tarra,Nachor,39 Moccasin Dr,tarra.nachor@cox.net,1993-12-26,Unknown,Master's,28
Corinne,Loder,4 Carroll St,corinne@loder.org,1988-06-26,White,Bachelor's,33
Dulce,Labreche,9581 E Arapahoe Rd,dulce_labreche@yahoo.com,1977-04-26,Black,Doctorate,44
Kate,Keneipp,33 N Michigan Ave,kate_keneipp@yahoo.com,1966-02-14,Unknown,Doctorate,55
Kaitlyn,Ogg,2 S Biscayne Blvd,kaitlyn.ogg@gmail.com,1979-01-29,Unknown,High School,42
Sherita,Saras,8 Us Highway 22,sherita.saras@cox.net,1992-05-29,Asian,Bachelor's,29
Lashawnda,Stuer,7422 Martin Ave #8,lstuer@cox.net,1987-10-17,Black,Doctorate,34
Ernest,Syrop,94 Chase Rd,ernest@cox.net,1962-08-04,Black,High School,59
Nobuko,Halsey,8139 I Hwy 10 #92,nobuko.halsey@yahoo.com,1981-10-30,Black,Bachelor's,40
Lavonna,Wolny,5 Cabot Rd,lavonna.wolny@hotmail.com,1961-04-14,Native American,Doctorate,60
Lashaunda,Lizama,3387 Ryan Dr,llizama@cox.net,1970-08-23,Native American,Master's,51
Mariann,Bilden,3125 Packer Ave #9851,mariann.bilden@aol.com,1986-04-25,Black,Doctorate,35
Helene,Rodenberger,347 Chestnut St,helene@aol.com,1995-07-12,Unknown,Master's,26
Roselle,Estell,8116 Mount Vernon Ave,roselle.estell@hotmail.com,1971-11-17,Black,Doctorate,50
Samira,Heintzman,8772 Old County Rd #5410,sheintzman@hotmail.com,1993-11-06,Black,Bachelor's,28
Margart,Meisel,868 State St #38,margart_meisel@yahoo.com,1970-02-24,Unknown,Associate,51
Kristofer,Bennick,772 W River Dr,kristofer.bennick@yahoo.com,1989-09-12,White,Bachelor's,32
Weldon,Acuff,73 W Barstow Ave,wacuff@gmail.com,1996-03-23,Native American,Associate,25
Shalon,Shadrick,61047 Mayfield Ave,shalon@cox.net,1979-10-04,Native American,Doctorate,42
Denise,Patak,2139 Santa Rosa Ave,denise@patak.org,1980-08-24,Asian,Doctorate,41
Louvenia,Beech,598 43rd St,louvenia.beech@beech.com,1964-12-29,Asian,Doctorate,57
Audry,Yaw,70295 Pioneer Ct,audry.yaw@yaw.org,1992-08-03,Unknown,Associate,29
Kristel,Ehmann,92899 Kalakaua Ave,kristel.ehmann@aol.com,1999-08-24,Native American,Associate,22
Vincenza,Zepp,395 S 6th St #2,vzepp@gmail.com,1998-03-12,Asian,Associate,23
Elouise,Gwalthney,9506 Edgemore Ave,egwalthney@yahoo.com,1968-12-28,Asian,Associate,53
Venita,Maillard,72119 S Walker Ave #63,venita_maillard@gmail.com,1986-06-29,White,Associate,35
Kasandra,Semidey,369 Latham St #500,kasandra_semidey@semidey.com,1995-02-05,White,Doctorate,26
Xochitl,Discipio,3158 Runamuck Pl,xdiscipio@gmail.com,1962-02-16,Asian,Associate,59
Maile,Linahan,9 Plainsboro Rd #598,mlinahan@yahoo.com,1964-05-10,Unknown,High School,57
Krissy,Rauser,8728 S Broad St,krauser@cox.net,1996-06-08,Unknown,Associate,25
Pete,Dubaldi,2215 Prosperity Dr,pdubaldi@hotmail.com,1984-02-27,Native American,Associate,37
Linn,Paa,1 S Pine St,linn_paa@paa.com,1962-11-03,Unknown,High School,59
Paris,Wide,187 Market St,paris@hotmail.com,1966-01-22,Unknown,Master's,55
Wynell,Dorshorst,94290 S Buchanan St,wynell_dorshorst@dorshorst.org,1999-09-03,White,Associate,22
Quentin,Birkner,7061 N 2nd St,qbirkner@aol.com,1995-10-09,Native American,Master's,26
Regenia,Kannady,10759 Main St,regenia.kannady@cox.net,1964-03-20,White,Master's,57
Sheron,Louissant,97 E 3rd St #9,sheron@aol.com,2002-01-16,Black,High School,19
Izetta,Funnell,82 Winsor St #54,izetta.funnell@hotmail.com,1986-01-01,Unknown,Doctorate,35
Rodolfo,Butzen,41 Steel Ct,rodolfo@hotmail.com,2000-10-24,Black,Associate,21
Zona,Colla,49440 Dearborn St,zona@hotmail.com,1963-03-19,Black,High School,58
Serina,Zagen,7 S Beverly Dr,szagen@aol.com,1991-12-27,Native American,Associate,30
Paz,Sahagun,919 Wall Blvd,paz_sahagun@cox.net,1983-04-29,Native American,Master's,38
Markus,Lukasik,89 20th St E #779,markus@yahoo.com,1965-03-30,Asian,Bachelor's,56
Jaclyn,Bachman,721 Interstate 45 S,jaclyn@aol.com,1981-09-20,Asian,Master's,40
Cyril,Daufeldt,3 Lawton St,cyril_daufeldt@daufeldt.com,1990-12-16,Unknown,Associate,31
Gayla,Schnitzler,38 Pleasant Hill Rd,gschnitzler@gmail.com,2002-12-28,White,Associate,19
Erick,Nievas,45 E Acacia Ct,erick_nievas@aol.com,1967-12-21,Black,Associate,54
Jennie,Drymon,63728 Poway Rd #1,jennie@cox.net,1964-10-17,Native American,Master's,57
Mitsue,Scipione,77 222 Dr,mscipione@scipione.com,1984-09-22,White,Master's,37
Ciara,Ventura,53 W Carey St,cventura@yahoo.com,1975-11-19,White,Master's,46
Galen,Cantres,617 Nw 36th Ave,galen@yahoo.com,1993-04-01,White,Doctorate,28
Truman,Feichtner,539 Coldwater Canyon Ave,tfeichtner@yahoo.com,1988-01-24,Black,Bachelor's,33
Gail,Kitty,735 Crawford Dr,gail@kitty.com,1962-01-09,Black,Master's,59
Dalene,Schoeneck,910 Rahway Ave,dalene@schoeneck.org,1962-07-18,White,Master's,59
Gertude,Witten,7 Tarrytown Rd,gertude.witten@gmail.com,1961-02-10,White,Associate,60
Lizbeth,Kohl,35433 Blake St #588,lizbeth@yahoo.com,1966-02-01,White,Bachelor's,55
Glenn,Berray,29 Cherry St #7073,gberray@gmail.com,1989-07-02,Unknown,Master's,32
Lashandra,Klang,810 N La Brea Ave,lashandra@yahoo.com,1997-02-08,White,Bachelor's,24
Lenna,Newville,987 Main St,lnewville@newville.com,1965-11-12,Native American,Bachelor's,56
Laurel,Pagliuca,36 Enterprise St Se,laurel@yahoo.com,1976-01-27,White,Doctorate,45
Mireya,Frerking,8429 Miller Rd,mireya.frerking@hotmail.com,1979-02-14,Asian,Master's,42
Annelle,Tagala,5 W 7th St,annelle@yahoo.com,1978-07-12,White,Bachelor's,43
Dean,Ketelsen,2 Flynn Rd,dean_ketelsen@gmail.com,1996-07-13,Black,Master's,25
Levi,Munis,2094 Ne 36th Ave,levi.munis@gmail.com,1978-07-21,Black,High School,43
Sylvie,Ryser,649 Tulane Ave,sylvie@aol.com,1970-01-13,Black,Master's,51
Sharee,Maile,2094 Montour Blvd,sharee_maile@aol.com,1999-12-13,Unknown,Doctorate,22
Cordelia,Storment,393 Hammond Dr,cordelia_storment@aol.com,1981-07-09,Unknown,Doctorate,40
Mollie,Mcdoniel,8590 Lake Lizzie Dr,mollie_mcdoniel@yahoo.com,1987-01-31,Unknown,Master's,34
Brett,Mccullan,87895 Concord Rd,brett.mccullan@mccullan.com,2000-04-13,White,Doctorate,21
Teddy,Pedrozo,46314 Route 130,teddy_pedrozo@aol.com,1965-01-11,Unknown,High School,56
Tasia,Andreason,4 Cowesett Ave,tasia_andreason@yahoo.com,1975-10-09,White,Bachelor's,46
Hubert,Walthall,95 Main Ave #2,hubert@walthall.org,1995-01-12,Unknown,High School,26
Arthur,Farrow,28 S 7th St #2824,arthur.farrow@yahoo.com,1977-02-18,Native American,Master's,44
Vilma,Berlanga,79 S Howell Ave,vberlanga@berlanga.com,1983-12-14,Unknown,Doctorate,38
Billye,Miro,36 Lancaster Dr Se,billye_miro@cox.net,1976-04-29,Asian,Associate,45
Glenna,Slayton,2759 Livingston Ave,glenna_slayton@cox.net,1967-11-18,Black,Master's,54
Mitzie,Hudnall,17 Jersey Ave,mitzie_hudnall@yahoo.com,1966-12-02,Unknown,Bachelor's,55
Bernardine,Rodefer,2 W Grand Ave,bernardine_rodefer@yahoo.com,1970-10-13,Native American,High School,51
Staci,Schmaltz,18 Coronado Ave #563,staci_schmaltz@aol.com,1990-01-31,White,Master's,31
Nichelle,Meteer,72 Beechwood Ter,nichelle_meteer@meteer.com,1999-06-15,Unknown,Associate,22
Janine,Rhoden,92 Broadway,jrhoden@yahoo.com,1982-08-14,White,Doctorate,39
Ettie,Hoopengardner,39 Franklin Ave,ettie.hoopengardner@hotmail.com,1976-04-29,Asian,Bachelor's,45
Eden,Jayson,4 Iwaena St,eden_jayson@yahoo.com,1975-03-08,Asian,High School,46
Lynelle,Auber,32820 Corkwood Rd,lynelle_auber@gmail.com,1980-01-18,Asian,Bachelor's,41
Merissa,Tomblin,34 Raritan Center Pky,merissa.tomblin@gmail.com,1997-10-18,Native American,High School,24
Golda,Kaniecki,6201 S Nevada Ave,golda_kaniecki@yahoo.com,1971-09-16,White,Doctorate,50
Catarina,Gleich,78 Maryland Dr #146,catarina_gleich@hotmail.com,1985-04-24,Black,High School,36
Virgie,Kiel,76598 Rd  I 95 #1,vkiel@hotmail.com,1981-04-09,Native American,Associate,40
Jolene,Ostolaza,1610 14th St Nw,jolene@yahoo.com,1969-04-17,Asian,Associate,52
Keneth,Borgman,86350 Roszel Rd,keneth@yahoo.com,1964-11-18,Native American,Doctorate,57
Rikki,Nayar,1644 Clove Rd,rikki@nayar.com,1998-06-06,Asian,Associate,23
Elke,Sengbusch,9 W Central Ave,elke_sengbusch@yahoo.com,1968-11-14,Unknown,Associate,53
Hoa,Sarao,27846 Lafayette Ave,hoa@sarao.org,1968-07-09,Black,Associate,53
Trinidad,Mcrae,10276 Brooks St,trinidad_mcrae@yahoo.com,1965-08-19,White,Associate,56
Mari,Lueckenbach,1 Century Park E,mari_lueckenbach@yahoo.com,1961-01-07,Native American,Associate,60
Selma,Husser,9 State Highway 57 #22,selma.husser@cox.net,1970-04-10,White,Master's,51
Antione,Onofrio,4 S Washington Ave,aonofrio@onofrio.com,1980-01-04,Asian,High School,41
Luisa,Jurney,25 Se 176th Pl,ljurney@hotmail.com,1984-04-02,Native American,Bachelor's,37
Clorinda,Heimann,105 Richmond Valley Rd,clorinda.heimann@hotmail.com,1977-12-19,Asian,Associate,44
Dick,Wenzinger,22 Spruce St #595,dick@yahoo.com,1983-06-24,Unknown,Associate,38
Ahmed,Angalich,2 W Beverly Blvd,ahmed.angalich@angalich.com,1977-12-05,White,Associate,44
Iluminada,Ohms,72 Southern Blvd,iluminada.ohms@yahoo.com,1992-12-17,Black,Bachelor's,29
Joanna,Leinenbach,1 Washington St,joanna_leinenbach@hotmail.com,1994-01-19,Black,Associate,27
Caprice,Suell,90177 N 55th Ave,caprice@aol.com,1974-09-06,Asian,Master's,47
Stephane,Myricks,9 Tower Ave,stephane_myricks@cox.net,2000-09-02,Unknown,Doctorate,21
Quentin,Swayze,278 Bayview Ave,quentin_swayze@yahoo.com,1984-10-01,White,Doctorate,37
Annmarie,Castros,80312 W 32nd St,annmarie_castros@gmail.com,1968-10-23,Unknown,Bachelor's,53
Shonda,Greenbush,82 Us Highway 46,shonda_greenbush@cox.net,1991-04-03,Native American,High School,30
Cecil,Lapage,4 Stovall St #72,clapage@lapage.com,1974-09-13,White,Bachelor's,47
Jeanice,Claucherty,19 Amboy Ave,jeanice.claucherty@yahoo.com,1962-09-23,White,Doctorate,59
Josphine,Villanueva,63 Smith Ln #8343,josphine_villanueva@villanueva.com,1996-09-11,White,Doctorate,25
Daniel,Perruzza,11360 S Halsted St,dperruzza@perruzza.com,1984-04-01,Asian,Doctorate,37
Cassi,Wildfong,26849 Jefferson Hwy,cassi.wildfong@aol.com,1985-03-10,Unknown,High School,36
Britt,Galam,2500 Pringle Rd Se #508,britt@galam.org,1997-02-22,Black,Bachelor's,24
Adell,Lipkin,65 Mountain View Dr,adell.lipkin@lipkin.com,1973-04-06,White,Bachelor's,48
Jacqueline,Rowling,1 N San Saba,jacqueline.rowling@yahoo.com,1972-02-03,Unknown,High School,49
Lonny,Weglarz,51120 State Route 18,lonny_weglarz@gmail.com,1967-01-31,Unknown,Bachelor's,54
Lonna,Diestel,1482 College Ave,lonna_diestel@gmail.com,1991-08-06,Unknown,Master's,30
Cristal,Samara,4119 Metropolitan Dr,cristal@cox.net,1972-09-27,White,Associate,49
Kenneth,Grenet,2167 Sierra Rd,kenneth.grenet@grenet.org,1997-12-30,Black,High School,24
Elli,Mclaird,6 Sunrise Ave,emclaird@mclaird.com,1991-03-08,Unknown,Master's,30
Alline,Jeanty,55713 Lake City Hwy,ajeanty@gmail.com,1964-10-30,White,Master's,57
Sharika,Eanes,75698 N Fiesta Blvd,sharika.eanes@aol.com,1977-07-18,Asian,Doctorate,44
Nu,Mcnease,88 Sw 28th Ter,nu@gmail.com,1983-07-01,Asian,Doctorate,38
Daniela,Comnick,7 Flowers Rd #403,dcomnick@cox.net,1992-01-15,Black,Doctorate,29
Cecilia,Colaizzo,4 Nw 12th St #3849,cecilia_colaizzo@colaizzo.com,1965-08-20,Asian,High School,56
Leslie,Threets,2 A Kelley Dr,leslie@cox.net,1963-10-04,Asian,Master's,58
Nan,Koppinger,88827 Frankford Ave,nan@koppinger.com,1993-07-03,Native American,Doctorate,28
Izetta,Dewar,2 W Scyene Rd #3,idewar@dewar.com,1962-04-04,Asian,Doctorate,59
Tegan,Arceo,62260 Park Stre,tegan.arceo@arceo.org,1997-07-12,Unknown,Associate,24
Ruthann,Keener,3424 29th St Se,ruthann@hotmail.com,1983-02-27,Native American,High School,38
Joni,Breland,35 E Main St #43,joni_breland@cox.net,1988-11-13,Asian,Bachelor's,33
Vi,Rentfro,7163 W Clark Rd,vrentfro@cox.net,1979-06-02,White,Doctorate,42
Colette,Kardas,21575 S Apple Creek Rd,colette.kardas@yahoo.com,1997-06-06,Unknown,High School,24
Malcolm,Tromblay,747 Leonis Blvd,malcolm_tromblay@cox.net,2001-07-25,White,Associate,20
Ryan,Harnos,13 Gunnison St,ryan@cox.net,2000-01-05,Native American,Bachelor's,21
Jess,Chaffins,18 3rd Ave,jess.chaffins@chaffins.org,1985-02-26,Unknown,Master's,36
Sharen,Bourbon,62 W Austin St,sbourbon@yahoo.com,1989-01-05,White,High School,32
Nickolas,Juvera,177 S Rider Trl #52,nickolas_juvera@cox.net,1965-05-06,Black,Bachelor's,56
Gary,Nunlee,2 W Mount Royal Ave,gary_nunlee@nunlee.org,1992-01-06,Native American,Associate,29
Diane,Devreese,1953 Telegraph Rd,diane@cox.net,1980-08-03,White,Doctorate,41
Roslyn,Chavous,63517 Dupont St,roslyn.chavous@chavous.org,1961-09-12,Native American,High School,60
Glory,Schieler,5 E Truman Rd,glory@yahoo.com,1972-03-10,Native American,Doctorate,49
Rasheeda,Sayaphon,251 Park Ave #979,rasheeda@aol.com,1962-10-07,Asian,Doctorate,59
Alpha,Palaia,43496 Commercial Dr #29,alpha@yahoo.com,1985-12-14,Asian,Doctorate,36
Refugia,Jacobos,2184 Worth St,refugia.jacobos@jacobos.com,2001-04-26,Unknown,Associate,20
Shawnda,Yori,50126 N Plankinton Ave,shawnda.yori@yahoo.com,1978-06-30,Native American,Master's,43
Mona,Delasancha,38773 Gravois Ave,mdelasancha@hotmail.com,1974-06-12,Asian,Associate,47
Gilma,Liukko,16452 Greenwich St,gilma_liukko@gmail.com,1963-07-29,Black,Bachelor's,58
Janey,Gabisi,40 Cambridge Ave,jgabisi@hotmail.com,1962-01-24,Black,Master's,59
Lili,Paskin,20113 4th Ave E,lili.paskin@cox.net,1976-01-31,White,Doctorate,45
Loren,Asar,6 Ridgewood Center Dr,loren.asar@aol.com,1965-10-14,White,Master's,56
Dorothy,Chesterfield,469 Outwater Ln,dorothy@cox.net,1966-01-02,White,Bachelor's,55
Gail,Similton,62 Monroe St,gail_similton@similton.com,1980-07-24,White,High School,41
Catalina,Tillotson,3338 A Lockport Pl #6,catalina@hotmail.com,1996-12-29,Black,Master's,25
Lawrence,Lorens,9 Hwy,lawrence.lorens@hotmail.com,1999-10-15,Native American,Doctorate,22
Carlee,Boulter,8284 Hart St,carlee.boulter@hotmail.com,1990-06-27,Native American,Associate,31
Thaddeus,Ankeny,5 Washington St #1,tankeny@ankeny.org,2000-08-10,Asian,High School,21
Jovita,Oles,8 S Haven St,joles@gmail.com,1974-03-14,Native American,High School,47
Alesia,Hixenbaugh,9 Front St,alesia_hixenbaugh@hixenbaugh.org,1970-01-20,White,Master's,51
Lai,Harabedian,1933 Packer Ave #2,lai@gmail.com,1967-01-20,Unknown,Associate,54
Brittni,Gillaspie,67 Rv Cent,bgillaspie@gillaspie.com,1966-03-24,Unknown,Master's,55
Raylene,Kampa,2 Sw Nyberg Rd,rkampa@kampa.org,1980-08-04,Black,Master's,41
Flo,Bookamer,89992 E 15th St,flo.bookamer@cox.net,2001-03-11,Black,Associate,20
Jani,Biddy,61556 W 20th Ave,jbiddy@yahoo.com,1965-04-27,Unknown,Bachelor's,56
Chauncey,Motley,63 E Aurora Dr,chauncey_motley@aol.com,1981-12-10,Unknown,High School,40
Aleshia,Tomkiewicz,14 Taylor St,atomkiewicz@hotmail.com,1995-01-01,Unknown,Associate,26
Evan,Zigomalas,5 Binney St,evan.zigomalas@gmail.com,1977-10-12,Asian,Bachelor's,44
France,Andrade,8 Moor Place,france.andrade@hotmail.com,1986-03-18,White,Bachelor's,35
Ulysses,Mcwalters,505 Exeter Rd,ulysses@hotmail.com,1973-03-06,Unknown,Bachelor's,48
Tyisha,Veness,5396 Forth Street,tyisha.veness@hotmail.com,1978-01-09,Unknown,Doctorate,43
Eric,Rampy,9472 Lind St,erampy@rampy.co.uk,1968-05-03,White,Master's,53
Marg,Grasmick,7457 Cowl St #70,marg@hotmail.com,1995-12-01,Asian,Associate,26
Laquita,Hisaw,20 Gloucester Pl #96,laquita@yahoo.com,1966-09-25,Native American,Associate,55
Lura,Manzella,929 Augustine St,lura@hotmail.com,1975-12-30,Native American,Master's,46
Yuette,Klapec,45 Bradfield St #166,yuette.klapec@klapec.co.uk,2000-05-04,White,Doctorate,21
Fernanda,Writer,620 Northampton St,fernanda@writer.co.uk,1963-02-08,Black,Doctorate,58
Charlesetta,Erm,5 Hygeia St,charlesetta_erm@gmail.com,1985-12-22,White,High School,36
Corrinne,Jaret,2150 Morley St,corrinne_jaret@gmail.com,1970-09-23,Unknown,Associate,51
Niesha,Bruch,24 Bolton St,niesha.bruch@yahoo.com,1973-02-09,White,Bachelor's,48
Rueben,Gastellum,4 Forrest St,rueben_gastellum@gastellum.co.uk,1993-02-04,White,Doctorate,28
Michell,Throssell,89 Noon St,mthrossell@throssell.co.uk,1988-03-25,Native American,Associate,33
Edgar,Kanne,99 Guthrie St,edgar.kanne@yahoo.com,1973-05-09,Unknown,Bachelor's,48
Dewitt,Julio,7 Richmond St,dewitt.julio@hotmail.com,1970-12-18,Unknown,Bachelor's,51
Charisse,Spinello,9165 Primrose St,charisse_spinello@spinello.co.uk,1975-10-27,White,Associate,46
Mee,Lapinski,9 Pengwern St,mee.lapinski@yahoo.com,1993-09-29,Asian,Master's,28
Peter,Gutierres,4410 Tarlton St,peter_gutierres@yahoo.com,1997-12-21,Black,Doctorate,24
Octavio,Salvadore,6949 Bourne St,octavio.salvadore@yahoo.com,1964-06-12,Asian,High School,57
Martha,Teplica,148 Rembrandt St,mteplica@teplica.co.uk,1994-02-15,White,High School,27
Tamesha,Veigel,2200 Nelson St #58,tveigel@veigel.co.uk,1987-12-09,Native American,Doctorate,34
Tess,Sitra,61 Rossett St,tess_sitra@hotmail.com,1998-04-15,Black,Doctorate,23
Leonard,Kufner,41 Canning St,lkufner@kufner.co.uk,1984-06-19,Native American,Bachelor's,37
Svetlana,Tauras,8289 Cadogan St,svetlana_tauras@tauras.co.uk,1995-04-11,Black,Doctorate,26
Pok,Molaison,211 Hobart St,pok@yahoo.com,1968-11-10,Black,Bachelor's,53
Augustine,Growcock,114 Falkland St #8845,augustine.growcock@growcock.co.uk,1972-02-25,Native American,Associate,49
Karma,Quarto,1 Birkett St,kquarto@gmail.com,1983-08-19,Black,Master's,38
Reed,Weisinger,5147 Blackstone St,reed_weisinger@yahoo.com,1985-05-26,Asian,Master's,36
German,Zelaya,7 Shenstone St,german@hotmail.com,2002-04-17,Unknown,Master's,19
Milly,Savidge,129 Alexander Pope St,milly@gmail.com,1974-01-20,Black,High School,47
Luis,Ear,2 Birchfield Rd,luis@hotmail.com,1980-07-24,Asian,Associate,41
Ciara,Cobbley,7523 Kempton Rd,ciara_cobbley@hotmail.com,1991-05-02,White,Doctorate,30
Alethea,Mould,6305 Elstow St,alethea@hotmail.com,1970-10-06,Native American,Doctorate,51
Margurite,Loperfido,218 Greenbank Drive,mloperfido@gmail.com,1981-02-13,Asian,High School,40
Vernice,Sperazza,8921 Forge St,vernice@yahoo.com,1976-10-17,Asian,Master's,45
Vicente,Rawicki,3060 St Ambrose Grove #261,vicente_rawicki@hotmail.com,1980-04-19,Black,Master's,41
Craig,Cua,8388 Bessemer St #5,craig@hotmail.com,1991-05-14,Asian,Master's,30
Jenise,Dulle,87 Pownall Sq,jenise.dulle@hotmail.com,1974-05-16,Native American,Doctorate,47
Marylin,Cornelison,39 Wye St,marylin_cornelison@yahoo.com,1994-08-25,White,Doctorate,27
Marget,Gunst,2732 Bostock St #1,mgunst@yahoo.com,1962-05-20,White,Associate,59
Annett,Bunselmeyer,5562 Fairfield St #847,abunselmeyer@hotmail.com,1986-06-14,Black,Doctorate,35
Kip,Turziano,37 Meadow St,kip.turziano@yahoo.com,1965-09-13,Black,Bachelor's,56
Melina,Orizabal,3 Nevison St,melina@gmail.com,1991-09-10,Asian,Master's,30
Tina,Clapham,5662 William Moult St,tclapham@gmail.com,1977-02-28,Asian,Master's,44
Luisa,Devereux,3 North View #35,ldevereux@gmail.com,1992-10-18,Asian,Associate,29
Pedro,Aschoff,135 Opie St,paschoff@yahoo.com,1969-03-15,Native American,Bachelor's,52
Carrol,Kunimitsu,1 Askew St,carrol_kunimitsu@yahoo.com,1996-05-11,Black,Doctorate,25
Alba,Mosseri,4 Burnall St,alba@gmail.com,1965-08-02,White,Associate,56
Domonique,Sandlin,95 Denton St,domonique@hotmail.com,1983-05-07,Asian,Doctorate,38
Rory,Neufville,5 Chadwick St #7,rory_neufville@neufville.co.uk,2000-08-16,Unknown,Associate,21
Dustin,Klingaman,67 Micawber St,dklingaman@gmail.com,1968-09-25,Unknown,Master's,53
Lyndia,Moonshower,43 Williamson St #7995,lyndia_moonshower@moonshower.co.uk,1961-10-19,White,Bachelor's,60
Jules,Hiltner,5 Howe St,jules@yahoo.com,1966-06-20,Asian,Doctorate,55
Dong,Kopczynski,7 Cheapside #9,dkopczynski@kopczynski.co.uk,1976-02-24,Black,Doctorate,45
Justine,Salta,85 Bridgewater St,justine_salta@yahoo.com,1981-05-29,Native American,Bachelor's,40
Chantay,Kamens,763 Parkfield Rd,ckamens@hotmail.com,1973-04-02,Black,Bachelor's,48
Tequila,Chisum,662 Grove Park,tequila.chisum@chisum.co.uk,1994-06-12,Asian,Bachelor's,27
Maybelle,Consolazio,5410 Lawton St,mconsolazio@yahoo.com,1963-07-13,White,Master's,58
Margarett,Bairo,3 August Rd,margarett@gmail.com,1976-05-01,Unknown,High School,45
Janessa,Noonon,476 Starkie St,jnoonon@yahoo.com,2001-12-17,Unknown,Bachelor's,20
Sol,Cowser,6448 Tillard St,sol@gmail.com,1971-09-22,Asian,Master's,50
Louann,Smethers,3055 Creswick St,louann@gmail.com,1965-04-04,Native American,Master's,56
Lindsay,Yadao,7 Jolliffe St,lindsay_yadao@yadao.co.uk,1994-06-03,Native American,Master's,27
Malika,Hanton,1175 Greig St,malika@gmail.com,1995-03-23,Unknown,Associate,26
Stefany,Ferenz,636 Portland Place,stefany@hotmail.com,1964-07-13,Native American,High School,57
Abraham,Cratch,41 Benedict St,acratch@gmail.com,2002-06-29,White,Doctorate,19
Giuseppe,Rohaley,62 Margaret St,giuseppe@yahoo.com,1961-12-13,White,High School,60
Kiera,Bassil,5152 Sophia St,kbassil@bassil.co.uk,1981-03-11,Asian,Master's,40
Wendell,Rubano,1 Back Canning St,wendell_rubano@hotmail.com,2002-09-06,Asian,Bachelor's,19
Stevie,Stifflemire,9 Gradwell St,stevie_stifflemire@stifflemire.co.uk,1964-05-04,Native American,Doctorate,57
Yun,Paletta,9205 Upper Hill St,yun_paletta@paletta.co.uk,1998-06-24,Unknown,Doctorate,23
Brittani,Thurm,9 Horatio St,bthurm@yahoo.com,1980-07-25,White,Master's,41
Billy,Venus,61 Miriam St,billy.venus@yahoo.com,1991-03-09,Black,Bachelor's,30
Brynn,Elkan,67 Pulford St,brynn@yahoo.com,1979-07-11,Native American,Master's,42
Elroy,Piehler,821 Pembroke Place,epiehler@piehler.co.uk,1964-11-17,Black,Bachelor's,57
Anisha,Shulick,3 Alder St,ashulick@yahoo.com,2000-09-29,Native American,Doctorate,21
Bettina,Kham,80 Morecambe St,bettina.kham@kham.co.uk,1977-12-16,Black,High School,44
Velda,Mancilla,7866 Renshaw St #283,velda_mancilla@mancilla.co.uk,2002-10-09,Black,Associate,19
Marta,Brace,658 Lake St,marta.brace@brace.co.uk,2002-11-20,Black,Master's,19
Juan,Vanwyhe,5382 Redfern St,juan_vanwyhe@gmail.com,1988-08-04,Asian,Doctorate,33
Lelia,Filion,45 Bidder St #38,lelia.filion@filion.co.uk,1987-05-23,Asian,Master's,34
Una,Frankel,6766 Britton St #379,ufrankel@hotmail.com,2001-08-11,Native American,High School,20
Eva,Joulwan,7 Lear Rd,eva.joulwan@gmail.com,1980-09-29,Unknown,High School,41
Mammie,Dormanen,2577 Toxteth St #5,mammie_dormanen@hotmail.com,1987-11-04,Unknown,Doctorate,34
Jeannetta,Coolidge,761 Cockerell St #1,jeannetta_coolidge@gmail.com,1979-02-25,White,Bachelor's,42
Elbert,Drawe,9 Cypress St,edrawe@drawe.co.uk,1985-03-25,Unknown,Master's,36
Lenny,Gazzola,6 Romilly St,lenny.gazzola@yahoo.com,1967-08-10,Black,Doctorate,54
Mira,Alpheaus,51 St Anne St #12,mira.alpheaus@yahoo.com,1999-02-26,Native American,Bachelor's,22
Cathern,Ungar,823 Idris St,cathern.ungar@ungar.co.uk,1998-01-03,White,Associate,23
Malcom,Fleckles,8764 Nickleby St #877,malcom.fleckles@gmail.com,1973-03-17,Native American,High School,48
Monroe,Damato,5344 Bengel St #5,mdamato@damato.co.uk,1980-02-04,Unknown,Master's,41
Leota,Fletchen,8880 Great Howard St #7750,lfletchen@gmail.com,1978-03-17,Native American,Bachelor's,43
Berry,Gutoski,9 Oakleigh,berry@gmail.com,1975-08-31,Native American,Bachelor's,46
Meghan,Riherd,83 Denbigh St Bootle,meghan@riherd.co.uk,1961-08-20,Asian,Master's,60
Mike,Torner,30 Aughton St,mike_torner@torner.co.uk,1970-09-05,Unknown,Associate,51
Elsa,Delisle,260 Saxon St,elsa_delisle@gmail.com,1993-12-05,Asian,Bachelor's,28
Linwood,Rosenlof,3 Pyramid St,linwood.rosenlof@yahoo.com,1977-08-26,White,Bachelor's,44
Latosha,Alexy,37 Langham St #948,latosha@yahoo.com,1988-12-15,Asian,Master's,33
Alexia,Meenan,94 Villars St,alexia.meenan@meenan.co.uk,1968-09-03,Unknown,Bachelor's,53
Graham,Stanwick,73 Hawkstone St,gstanwick@gmail.com,1998-02-02,Native American,High School,23
Elinore,Fulda,123 Sussex St,elinore.fulda@fulda.co.uk,1995-11-07,White,High School,26
Lisbeth,Creecy,484 Barry St,lcreecy@gmail.com,1964-09-27,White,Master's,57
Eloisa,Faurote,7033 Micawber St,eloisa.faurote@hotmail.com,1967-01-18,Asian,Master's,54
Shawana,Cantua,33 Vipond St,shawana@yahoo.com,1981-08-13,Black,Bachelor's,40
Alyssa,Ansbro,85 Hero St,alyssa_ansbro@gmail.com,1980-07-30,Asian,Bachelor's,41
Kyoko,Mcmillian,77 Reading St #8,kyoko_mcmillian@gmail.com,1970-07-18,Unknown,Master's,51
Terry,Gauthier,274 Altcar Ave,tgauthier@yahoo.com,1980-03-06,Asian,High School,41
Sena,Langenbach,38 Avondale Rd #79,sena.langenbach@hotmail.com,1999-04-15,Black,Bachelor's,22
Cristen,Nesset,4679 Curzon St,cnesset@nesset.co.uk,1991-05-01,White,High School,30
Lashawn,Ker,13 Nelson Rd,lashawn.ker@gmail.com,1963-06-19,White,Doctorate,58
Wade,Sovel,2546 Hunter St,wade@hotmail.com,1971-12-26,Native American,Master's,50
Whitney,Tishler,77 Mason St #650,whitney@gmail.com,1963-10-06,Asian,Master's,58
Deja,Conatser,94 Wakefield St,deja.conatser@hotmail.com,1985-11-16,Black,Associate,36
Earnestine,Casper,529 Stalmine Rd #3680,earnestine_casper@hotmail.com,2002-08-10,Black,Doctorate,19
Frankie,Marruffo,52 Morningside Rd #1,fmarruffo@gmail.com,1972-01-18,Native American,Master's,49
Paola,Dease,94 Enid St,pdease@gmail.com,1981-08-14,Black,Master's,40
Rodrigo,Hawkin,661 Great Crosshall St,rodrigo@hotmail.com,1983-10-18,Black,High School,38
Luther,Alsman,227 Albert Terrace,luther@gmail.com,1975-05-01,White,Associate,46
Casey,Dondero,464 Back Nile St #618,casey.dondero@hotmail.com,2001-07-09,Unknown,Bachelor's,20
Ressie,Bontemps,42 Eastwood St,ressie_bontemps@bontemps.co.uk,1994-04-01,Unknown,High School,27
Sean,Schurman,2877 Grain St,sean.schurman@schurman.co.uk,2002-04-09,Unknown,High School,19
Celestina,Pince,13 Stockdale St #779,cpince@pince.co.uk,1993-09-26,Black,High School,28
Maira,Karas,9 Cropper St,maira.karas@yahoo.com,1974-01-29,White,Master's,47
Beth,Barbone,3 Gaskell St,bbarbone@barbone.co.uk,1965-06-09,White,Doctorate,56
Wei,Nobel,5221 Royston St,wei_nobel@hotmail.com,1995-10-18,Black,Bachelor's,26
Melissia,Slotemaker,83 St Johns Lane #43,mslotemaker@gmail.com,2002-10-05,Unknown,Master's,19
Letha,Akey,603 Pall Mall,letha_akey@akey.co.uk,1981-06-25,Native American,Associate,40
Isaac,Semrad,76 Dawber St #6,isaac.semrad@semrad.co.uk,1985-01-22,Native American,High School,36
Kristine,Klipfel,3380 Alexander St,kristine.klipfel@yahoo.com,1973-11-19,Native American,High School,48
Odette,Moussette,216 Lissant St #8,odette_moussette@gmail.com,1981-04-08,Unknown,Associate,40
Hobert,Panfilov,92 Phythian St #614,hobert@gmail.com,1977-09-20,Black,Master's,44
Isadora,Mchughes,792 Queens Rd,isadora.mchughes@mchughes.co.uk,1996-08-30,Asian,Associate,25
Emily,Pogorelc,5196 York St,emily.pogorelc@yahoo.com,1965-12-26,White,Associate,56
Desire,Barresi,428 Kearsley St,desire@gmail.com,1984-04-24,Native American,Doctorate,37
Rosalind,Stamps,8 Chestnut St,rosalind.stamps@stamps.co.uk,1986-08-22,Unknown,High School,35
Vernell,Connley,998 Roe St #6,vernell@hotmail.com,1999-03-26,Black,Associate,22
Micheline,Mathieson,3 Copenhagen Rd,micheline.mathieson@yahoo.com,2000-07-25,Black,Doctorate,21
Nathan,Outhouse,293 Vivian St,nathan.outhouse@gmail.com,1984-07-05,Asian,Doctorate,37
Allene,Burau,8 Barlow St #6,allene.burau@hotmail.com,1963-03-28,Black,Associate,58
Julie,Sakshaug,5 Shakspeare St #66,julie@gmail.com,1968-10-23,Native American,Associate,53
Francisca,Shuhi,7 Carolina St,fshuhi@shuhi.co.uk,1975-04-22,Native American,High School,46
Marisha,Wilcoxon,52 Trowbridge St,marisha.wilcoxon@gmail.com,1997-10-18,White,Bachelor's,24
Telma,Maraia,25 Village St,telma@maraia.co.uk,1963-10-20,Native American,Associate,58
Luke,Crete,4 Peach St #5112,luke.crete@crete.co.uk,1993-09-15,Unknown,Doctorate,28
Hubert,Mias,3614 Old Hall St #604,hubert.mias@gmail.com,1972-09-23,Asian,Associate,49
Janella,Altobell,3768 Hey Green Rd,jaltobell@hotmail.com,1975-05-19,Native American,Doctorate,46
Angelo,Lavista,97 Newlands St,angelo.lavista@gmail.com,2002-12-07,Native American,High School,19
Tran,Mandiola,6226 Maitland St,tran.mandiola@hotmail.com,1991-03-23,Black,High School,30
Reynalda,Vanhooser,891 Crocus St,reynalda@vanhooser.co.uk,1980-05-07,Black,Master's,41
Salley,Rieger,1 Segrave St,salley.rieger@gmail.com,2000-04-24,Asian,Doctorate,21
Cheryll,Yurich,666 Moor Place,cheryll_yurich@yurich.co.uk,2002-08-31,Native American,Bachelor's,19
Crista,Viengxay,1554 Christopher St,crista@yahoo.com,1993-05-05,Black,Bachelor's,28
Lino,Sutulovich,55 Margaret Rd,lino.sutulovich@gmail.com,1972-11-05,Unknown,High School,49
Galen,Wendorf,8830 Antonio St,galen.wendorf@wendorf.co.uk,1963-03-17,Native American,Master's,58
Gilbert,Langarica,82 Sinclair St,gilbert.langarica@gmail.com,1961-11-16,Asian,High School,60
Whitney,Goossen,7568 Atlas St,whitney.goossen@hotmail.com,1983-08-26,Asian,Bachelor's,38
Socorro,Abrahams,93 Clyde Rd #9,socorro_abrahams@abrahams.co.uk,1986-11-30,Unknown,Master's,35
Mauricio,Flam,18 Nimrod St,mflam@gmail.com,1994-08-29,Black,Associate,27
Phillip,Aloi,6 Cannock St,paloi@hotmail.com,1976-10-07,Black,Master's,45
Gilberto,Erixon,2258 Benedict St,gerixon@gmail.com,1976-10-02,Native American,Master's,45
Thad,Puskarich,9302 Ismay St #6,thad_puskarich@puskarich.co.uk,1991-09-13,White,High School,30
Bambi,Favaron,3347 Lawrence Rd #456,bambi.favaron@yahoo.com,1973-10-21,Black,Bachelor's,48
Marshall,Kozikowski,47 Elwy St,marshall@hotmail.com,1974-02-07,White,Doctorate,47
Chery,Wiederin,553 Picton Rd,cwiederin@yahoo.com,1967-11-25,Asian,Associate,54
Eileen,Montecalvo,9986 Cantsfield St,eileen@yahoo.com,1964-07-18,White,High School,57
Melita,Szpak,1 Sussex St,melita.szpak@szpak.co.uk,1995-01-04,Black,High School,26
Ashley,Jessie,9548 Ogwen St #84,ashley_jessie@jessie.co.uk,1962-01-10,Native American,High School,59
Laila,Fend,57 St Georges Hill,lfend@gmail.com,1975-11-21,Unknown,Bachelor's,46
Bobbie,Guillereault,385 Upper Hampton St #39,bguillereault@gmail.com,1980-09-22,Asian,High School,41
Dana,Paluszynski,6378 Lyell St #48,dpaluszynski@paluszynski.co.uk,1966-02-11,Asian,Master's,55
Freida,Newyear,675 Falstaff St #170,freida_newyear@yahoo.com,1994-11-14,Unknown,Doctorate,27
Val,Cellucci,87 Pelops St,vcellucci@yahoo.com,1968-12-15,Unknown,Bachelor's,53
Horace,Knapp,5 Eyes St,horace.knapp@yahoo.com,1982-07-20,Black,Associate,39
Joana,Reinecke,2427 Olney St #7,jreinecke@reinecke.co.uk,2001-12-30,White,Doctorate,20
Tiara,Schlichter,805 Westbank Rd,tiara_schlichter@schlichter.co.uk,1963-12-17,Native American,Associate,58
Dacia,Swaisgood,36 Cranmer St #4697,dacia.swaisgood@swaisgood.co.uk,1978-04-14,Black,High School,43
Myong,Babineaux,2 Kirkdale Rd,mbabineaux@babineaux.co.uk,1978-10-24,Asian,Associate,43
Gene,Bleile,4687 Atherton St,gene_bleile@bleile.co.uk,1973-12-26,Asian,Bachelor's,48
Kanisha,Difiora,513 Bailey St,kanisha@gmail.com,1966-08-23,Asian,High School,55
Ayesha,Moeder,620 Old Leeds St,ayesha@gmail.com,2002-09-12,Black,Master's,19
Lanie,Smalarz,5149 Maria Rd,lanie.smalarz@yahoo.com,2000-04-15,Black,Bachelor's,21
Jaleesa,Polintan,8 Taylor St,jpolintan@polintan.co.uk,1971-11-02,Asian,Master's,50
Tamekia,Flotow,588 Venmore St,tamekia.flotow@hotmail.com,2000-09-25,Native American,Bachelor's,21
Ula,Otey,1 Newby St,ula@hotmail.com,1997-10-04,Asian,Bachelor's,24
Rosendo,Ratel,5588 Lake St #903,rratel@yahoo.com,1963-10-30,Asian,Associate,58
Timmy,Lintner,9112 Hardwick St,tlintner@hotmail.com,1964-11-07,Asian,Bachelor's,57
Zita,Speltz,2395 Gloucester Pl,zita_speltz@yahoo.com,1995-01-05,White,Bachelor's,26
Aleisha,Lemm,341 Birchfield St,aleisha.lemm@gmail.com,2002-02-28,White,High School,19
Naomi,Lavezzo,9854 Ranelagh Place,naomi.lavezzo@yahoo.com,2002-02-05,Asian,Associate,19
Aretha,Bowling,8 Nova Scotia,aretha@hotmail.com,2001-04-26,Asian,Doctorate,20
Mila,Figuera,72 Lime Place,mila_figuera@yahoo.com,1986-01-09,Unknown,Doctorate,35
Orville,Zuehl,907 Denman St,orville_zuehl@zuehl.co.uk,1965-09-09,Asian,Bachelor's,56
Gabriele,Geschke,5 Garfield St #9,gabriele@geschke.co.uk,1991-09-23,White,High School,30
Kara,Jaquish,345 Feltwell Rd,kara@yahoo.com,1998-09-17,White,Doctorate,23
Kenny,Lin,1 Towson St,kenny@lin.co.uk,2000-06-01,Native American,Bachelor's,21
Vashti,Sugai,4 Candia St #6,vashti@gmail.com,1980-01-15,Native American,Master's,41
Jordan,Handsaker,2 Cherry Lane,jordan_handsaker@gmail.com,1972-08-31,White,Master's,49
Carisa,Degenhardt,7 Britannia Ave #875,carisa.degenhardt@degenhardt.co.uk,2001-12-02,Native American,Associate,20
Audrie,Danaher,63 Brunswick Sq,adanaher@yahoo.com,1995-04-11,Native American,Doctorate,26
Shaunna,Rodamis,5 Gainsborough Rd,shaunna.rodamis@yahoo.com,1986-06-08,White,High School,35
Coleen,Langer,745 Goodall St #9309,coleen.langer@hotmail.com,1992-08-11,Asian,High School,29
Katie,Choinski,1267 Alderson Rd,katie@choinski.co.uk,1984-11-24,Unknown,Associate,37
Dannie,Brau,2 Gay St #3702,dbrau@brau.co.uk,1964-06-22,Native American,High School,57
Ashanti,Donn,3409 Benns Gardens,adonn@yahoo.com,1964-04-07,Native American,Bachelor's,57
Madalyn,Dubberly,1 Lower Burlington St,madalyn.dubberly@gmail.com,1975-02-07,Black,Associate,46
Santos,Signore,4706 Chapel Place #5993,santos@gmail.com,1986-08-17,White,Associate,35
Alyce,Flamino,4 Mather St,alyce@yahoo.com,1985-01-26,Black,Associate,36
Pearly,Ero,9960 Gilroy Rd,pero@hotmail.com,1985-03-11,Native American,Doctorate,36
Cherrie,Nitschke,3 Burnall St,cherrie_nitschke@yahoo.com,1986-03-23,Native American,Associate,35
Maia,Shadd,8 Bigham Rd,maia_shadd@gmail.com,2000-10-12,White,Master's,21
Edwin,Logghe,950 Gordon St,edwin_logghe@hotmail.com,1971-08-11,Unknown,Doctorate,50
Leigha,Semenza,784 Juno St #7653,lsemenza@yahoo.com,1989-10-31,Native American,High School,32
Walker,Seeger,69 Chantrey St #90,walker.seeger@yahoo.com,1994-05-23,White,Associate,27
Nakita,Rodrigues,4 Northbrook St #600,nakita_rodrigues@gmail.com,1973-05-29,Black,Master's,48
Kattie,Ozane,526 Liffey St #759,kozane@gmail.com,1993-01-08,Unknown,High School,28
Lamar,Suite,6301 Dorset Rd,lsuite@yahoo.com,1992-02-27,Unknown,Doctorate,29
Juliana,Uken,4 Summer Seat Bootle,juliana.uken@yahoo.com,1986-01-22,Asian,Bachelor's,35
Chan,Loftin,84 Walton Village,chan@gmail.com,1982-09-01,Black,Bachelor's,39
Delpha,Detamore,8 Tagus St #9814,delpha.detamore@yahoo.com,1990-01-21,Unknown,Doctorate,31
Floyd,Tivis,770 Jamaica St,floyd_tivis@hotmail.com,2001-09-28,White,Doctorate,20
Chantell,Besong,11 Tetlow St,chantell_besong@gmail.com,1987-02-03,Native American,High School,34
Martin,Fonua,7642 Ledward St,mfonua@yahoo.com,1969-08-28,Unknown,Master's,52
Hyun,Erdman,1432 Rutland Ave,hyun@gmail.com,1971-07-15,Native American,Bachelor's,50
Nada,Arey,22 Harewood St #95,nada@hotmail.com,1993-09-05,Native American,Bachelor's,28
Elizabeth,Pata,645 Lister Drive,elizabeth@gmail.com,1961-10-23,Native American,Associate,60
Dominic,Washmuth,8977 Old Leeds St #87,dwashmuth@hotmail.com,1978-06-11,Asian,High School,43
Alise,Packebush,22 Delamore St,alise.packebush@gmail.com,1971-07-19,Native American,High School,50
Flo,Bardsley,35 Walton Lane,flo.bardsley@hotmail.com,1997-09-12,Unknown,Master's,24
Bonita,Sandblom,22 Kilshaw St,bsandblom@gmail.com,1977-12-25,Native American,Doctorate,44
Royal,Rush,1 Argyle St,royal.rush@yahoo.com,1962-07-04,Native American,Master's,59
Erasmo,Talentino,3 Garden Lane,erasmo.talentino@hotmail.com,1986-04-03,Black,Bachelor's,35
Mari,Smeby,4309 Chisenhale St,msmeby@gmail.com,1999-06-19,Unknown,Bachelor's,22
Eleonora,Ventry,758 Woodhouse St,eleonora@gmail.com,1998-01-08,Black,Bachelor's,23
Therese,Shiraki,18 Ouse St,tshiraki@gmail.com,1966-10-16,White,Master's,55
Rodolfo,Scavuzzo,5 Ruskin St,rodolfo_scavuzzo@yahoo.com,1966-06-08,Black,Associate,55
Cruz,Fanelli,4565 Blackstock St,cruz@hotmail.com,1961-11-30,White,Associate,60
Arlyne,Dellinger,8361 Cottenham St,arlyne.dellinger@yahoo.com,1992-12-18,Black,Bachelor's,29
Edward,Strejan,1267 Audley St,edward_strejan@gmail.com,1981-10-23,Unknown,Bachelor's,40
Christoper,Sheneman,845 Atherton St,christoper@gmail.com,1979-10-20,White,Master's,42
Melda,Colamarino,150 Margaret Rd,melda.colamarino@colamarino.co.uk,1975-06-22,Asian,Master's,46
Margot,Peay,9923 Dinorben St #4838,margot.peay@yahoo.com,1992-02-29,Asian,High School,29
Gerald,Drozdenko,186 Craven St #68,gdrozdenko@yahoo.com,1986-01-10,Black,Master's,35
Tomoko,Renno,5160 High St #38,tomoko@renno.co.uk,1980-12-05,Asian,High School,41
Mendy,Wassmann,3833 Sidney Rd,mendy.wassmann@wassmann.co.uk,1988-04-02,White,Bachelor's,33
Daryl,Hilcher,6267 Greenland St,dhilcher@hotmail.com,1964-10-24,White,Doctorate,57
Ty,Feeback,14 Landseer Rd,tfeeback@gmail.com,1990-12-09,Unknown,Associate,31
King,Vanacore,30 Seville St,king_vanacore@yahoo.com,1983-01-02,Black,Master's,38
Isidra,Varnado,79 Chelmsford St,ivarnado@varnado.co.uk,1968-06-09,Unknown,Bachelor's,53
Tonja,Driesenga,8 South John St,tdriesenga@driesenga.co.uk,2002-02-26,White,Associate,19
Shaquana,Featherston,50 Townsend St,shaquana@hotmail.com,1988-05-29,Native American,Master's,33
Gilberto,Feagins,7643 Campbell St,gfeagins@gmail.com,1963-12-11,Unknown,Doctorate,58
Rex,Faehnle,371 Oakleigh,rfaehnle@faehnle.co.uk,1998-09-26,Black,Bachelor's,23
Adolph,Cunningham,9874 Oakfield Rd,adolph_cunningham@hotmail.com,1971-11-10,Native American,Doctorate,50
Queen,Leader,6 Princes St,queen_leader@gmail.com,1962-09-25,White,Associate,59
Rebbecca,Rufenacht,4190 Seacombe St,rrufenacht@yahoo.com,1961-10-02,Black,Associate,60
Ardella,Goldrup,3145 Rhyl St,ardella.goldrup@goldrup.co.uk,1990-11-14,White,High School,31
Dallas,Miyashiro,4919 Lime Grove,dallas_miyashiro@miyashiro.co.uk,2001-04-16,Black,High School,20
Vivan,Jenious,8 Carolina St,vjenious@yahoo.com,1962-05-24,White,High School,59
Han,Dzledzic,1592 Price St,han_dzledzic@hotmail.com,1971-04-22,Native American,Master's,50
Emilio,Guitierrez,2 Weller St,emilio_guitierrez@guitierrez.co.uk,2000-12-10,Native American,Associate,21
Latia,Cos,18 Thomas St,lcos@yahoo.com,1970-06-13,Black,Associate,51
Lilli,Cureau,42 Hey Green Rd,lilli@yahoo.com,1977-02-28,White,Doctorate,44
Maryanne,Siske,256 Vesuvius St #159,maryanne@hotmail.com,1988-12-20,Native American,Doctorate,33
Eliz,Strimple,82 Denison St #2642,eliz@gmail.com,1969-04-12,Native American,Doctorate,52
Laura,Gumaer,1779 Bird St,laura_gumaer@gmail.com,1984-12-21,Native American,Associate,37
Leanora,Respicio,99 College St South #1,lrespicio@respicio.co.uk,1966-08-08,Black,High School,55
Sherell,Pomarico,29 Greenleaf St,spomarico@hotmail.com,1965-04-19,Asian,Master's,56
Charlie,Isita,39 Hooton Place,charlie@isita.co.uk,1992-08-05,White,Master's,29
Veronique,Nuckolls,198 Ranelagh Place,vnuckolls@gmail.com,2001-06-29,Unknown,High School,20
Antonio,Villamarin,353 Standish St #8264,antonio.villamarin@gmail.com,1993-06-11,White,Bachelor's,28
Louvenia,Kincannon,87 Eldon Place,lkincannon@kincannon.co.uk,1978-06-01,White,Doctorate,43
Roxanne,Hedegore,592 Catharine St,roxanne_hedegore@gmail.com,1980-08-12,Unknown,Master's,41
Eve,Hoffstot,1661 Arrow St,eve.hoffstot@yahoo.com,1995-11-18,Unknown,Associate,26
Kenda,Koza,7 Netley St,kkoza@koza.co.uk,1989-04-10,Black,Master's,32
Elden,Mercik,7 St Edmonds Rd,elden_mercik@mercik.co.uk,1980-01-17,Unknown,Master's,41
Kami,Ferre,6996 Wrenbury St,kami@yahoo.com,1964-10-12,Black,Master's,57
Selene,Zeng,2 Prince Rupert St,selene@yahoo.com,1991-03-08,White,Associate,30
Deangelo,Rardon,9970 Clyde Rd,deangelo_rardon@yahoo.com,1992-10-24,Asian,Bachelor's,29
Olen,Ailey,9 Fielding St,olen@gmail.com,1976-11-30,Asian,Bachelor's,45
Lanie,Smarsh,555 Ludlow St,lanie@yahoo.com,1963-03-03,Native American,Bachelor's,58
Lynna,Breheny,1 James St #4,lynna@yahoo.com,1998-03-02,Black,Doctorate,23
Jody,Klitzing,3 Byng St #524,jody_klitzing@hotmail.com,1988-05-30,White,Master's,33
Antonio,Glasford,425 Howley St,antonio_glasford@glasford.co.uk,1992-07-03,Unknown,Doctorate,29
Merilyn,Scurci,4041 Virgil St,merilyn_scurci@hotmail.com,1991-03-25,Asian,Associate,30
Elliott,Kins,32 High Park St #44,elliott@gmail.com,1968-12-15,Asian,High School,53
Leonie,Devereux,88 Vernon St,leonie_devereux@gmail.com,2001-01-28,White,Bachelor's,20
Eulah,Syrop,62 Euston St,eulah@syrop.co.uk,1972-08-22,Native American,Bachelor's,49
Marsha,Tarry,74 Medlock St,marsha.tarry@yahoo.com,1977-12-07,White,High School,44
Mignon,Luger,80 Talbot St,mignon@gmail.com,1982-12-21,Native American,High School,39
Tu,Rivet,31 Buckingham Ave #3785,tu_rivet@gmail.com,1973-09-22,Asian,High School,48
Adelle,Schantini,162 Grayson St,adelle_schantini@yahoo.com,1986-11-11,Asian,Bachelor's,35
Douglass,Fonnesbeck,5 Webb St #8,douglass@fonnesbeck.co.uk,1988-12-03,Unknown,Doctorate,33
Evette,Mazierski,8092 Firdale Rd,emazierski@mazierski.co.uk,1966-10-23,White,Bachelor's,55
Geraldo,Okoren,68 Carno St,gokoren@okoren.co.uk,1978-07-29,Native American,Bachelor's,43
Clarinda,Pelayo,714 Moored St,cpelayo@pelayo.co.uk,1973-09-06,White,High School,48
Reuben,Mccorrison,545 North John St,reuben.mccorrison@hotmail.com,1978-12-25,Unknown,High School,43
Yen,Groody,21 Pilgrim St,ygroody@groody.co.uk,1981-04-18,Unknown,Master's,40
Tanja,Milne,9772 Teilo St,tanja.milne@yahoo.com,1980-12-05,Asian,Associate,41
Jerlene,Holtgrewe,33 Fonthill Rd,jholtgrewe@yahoo.com,1972-04-22,White,Master's,49
Almeta,Keehner,3 Ivyleigh,akeehner@hotmail.com,1984-06-05,Unknown,Bachelor's,37
Wilda,Brigham,501 Sandon Terrace #200,wilda@brigham.co.uk,1995-04-02,Black,High School,26
Remedios,Arlinghaus,9 Duckenfield St,remedios.arlinghaus@gmail.com,1972-01-20,Native American,Doctorate,49
Margret,Alcazar,5466 Sedley St,margret@alcazar.co.uk,2002-12-23,White,Master's,19
Denny,Casalenda,75 Brewster St #453,dcasalenda@gmail.com,1964-03-21,Black,Associate,57
Carolynn,Atkison,7901 Beech St,carolynn.atkison@hotmail.com,1997-09-25,Native American,Master's,24
Amina,Goulbourne,684 Cotswold St,amina@yahoo.com,1968-05-21,Unknown,Doctorate,53
Janna,Przybyl,5 April Rd #13,jprzybyl@przybyl.co.uk,1993-01-17,White,Doctorate,28
Emiko,Sayre,8 Village St,emiko.sayre@yahoo.com,1968-05-16,Black,Master's,53
In,Muns,7 Haddock St #34,in_muns@muns.co.uk,1962-03-29,Black,High School,59
Eleni,Vanscoik,9 Mather St,eleni_vanscoik@gmail.com,1963-09-13,Asian,Bachelor's,58
Kandis,Alsbury,70 Rose Vale,kalsbury@hotmail.com,2002-08-07,Unknown,Associate,19
Kina,Saltman,29 Oregon St,kina_saltman@gmail.com,1978-09-09,Unknown,Doctorate,43
Jacki,Sterback,15 East Albert Rd,jacki.sterback@gmail.com,1977-12-14,Asian,Doctorate,44
Fallon,Kerfoot,3186 Naylor St,fallon.kerfoot@gmail.com,1966-06-27,Asian,Bachelor's,55
Precious,Brabble,9 Herbert St #77,precious_brabble@brabble.co.uk,1973-06-10,Black,Doctorate,48
Glory,Ona,9830 Croxteth Rd,glory_ona@gmail.com,1979-07-05,Native American,Bachelor's,42
Tamesha,Tyburski,1054 Gladys St,tamesha.tyburski@gmail.com,1999-06-16,Black,High School,22
Brande,Cutlip,921 Douro St #1520,bcutlip@yahoo.com,1990-03-18,Unknown,Master's,31
Olene,Skubis,180 Frodsham St,olene_skubis@yahoo.com,1983-07-22,Unknown,Master's,38
Carey,Marchetta,7217 Edge Grove,cmarchetta@hotmail.com,1983-02-28,Black,Master's,38
Launa,Torez,12 Gelling St,launa.torez@yahoo.com,1962-11-11,Black,Doctorate,59
Dominga,Whitrock,763 Roscoe St,dominga@whitrock.co.uk,1965-06-18,Asian,Bachelor's,56
Dwight,Belyea,419 St Andrew St,dbelyea@belyea.co.uk,1977-10-07,Unknown,Doctorate,44
Cornell,Mccrossin,623 Cornhill,cornell.mccrossin@mccrossin.co.uk,1977-12-22,Unknown,Bachelor's,44
Alverta,Topete,328 Havelock St #61,alverta.topete@gmail.com,1994-12-04,Native American,Doctorate,27
Felicia,Claybrooks,1056 College St South,felicia@claybrooks.co.uk,1983-07-14,Black,Doctorate,38
Carmen,Gillham,11 Denison St #7,carmen@hotmail.com,1983-05-27,Asian,Doctorate,38
Ashlee,Beyl,30 Daulby St,ashlee.beyl@hotmail.com,1974-06-23,Unknown,Associate,47
Vannessa,Land,201 Bran St,vannessa.land@yahoo.com,1963-12-15,White,High School,58
Patti,Rempel,1346 Vandyke St,patti@rempel.co.uk,1964-10-05,Unknown,High School,57
German,Meyerhoff,883 Howe St,german@meyerhoff.co.uk,1965-05-08,Black,Master's,56
Anika,Marse,231 Wordsworth St,anika@marse.co.uk,1986-05-30,Asian,Associate,35
Cristina,Marola,2449 Amberly St #6364,cmarola@gmail.com,1998-01-13,Native American,Bachelor's,23
Lemuel,Allis,8430 Shadwell St,lemuel_allis@yahoo.com,1972-12-01,White,Doctorate,49
Joaquin,Hysom,115 Lister Rd,jhysom@gmail.com,1963-01-04,Asian,Doctorate,58
Kerrie,Makuch,7855 Sir Thomas St #7499,kmakuch@gmail.com,1967-01-08,Native American,Bachelor's,54
Alaine,Raterman,1 Milton St,alaine@hotmail.com,2002-03-14,Unknown,Associate,19
Shannon,Kobayashi,1111 Nesfield St,shannon@yahoo.com,1982-07-05,Native American,Master's,39
Corinne,Holman,1831 Richards St #8,corinne@holman.co.uk,1989-04-09,Native American,High School,32
Heidy,Hallford,8054 Low Hill,hhallford@hotmail.com,1998-07-21,Black,High School,23
Marylyn,Shonerd,7252 Dansie St,marylyn_shonerd@yahoo.com,1980-04-18,Native American,High School,41
Maryln,Mortenson,76 Paulton St,maryln@gmail.com,1991-12-30,Asian,Bachelor's,30
Pearlie,Flori,4 Cochrane St,pearlie_flori@gmail.com,2001-09-01,Asian,Bachelor's,20
Nina,Yaklin,5679 Gloucester Pl,nyaklin@hotmail.com,1968-07-18,Black,Doctorate,53
Vivienne,Torrain,45 Ledward St,vivienne@hotmail.com,1969-07-08,Unknown,Doctorate,52
Jacob,Kippel,4 Monmouth Rd,jacob.kippel@yahoo.com,1983-05-07,Black,Associate,38
Tula,Nahmias,64 Croyland St,tnahmias@nahmias.co.uk,1977-01-04,Asian,Associate,44
Berry,Scandalis,4 Vivian St,berry.scandalis@gmail.com,1970-11-09,Native American,Associate,51
Kaycee,Carsten,35 Dublin St,kaycee.carsten@gmail.com,1985-09-05,Asian,Doctorate,36
Melvin,Setter,87 Pickup St,melvin_setter@setter.co.uk,1962-01-09,Native American,High School,59
Brianne,Matsumura,7 Cottenham St,brianne@matsumura.co.uk,2000-10-06,White,Bachelor's,21
Eugene,Pelzer,622 Holmes St,eugene_pelzer@gmail.com,1999-12-20,White,High School,22
Margery,Rohrs,40 Peters Lane,margery@hotmail.com,1965-04-03,Unknown,Bachelor's,56
Noel,Sarra,2 Cockburn St,nsarra@gmail.com,1978-09-15,Black,Doctorate,43
Beula,Lingo,65 Oban Rd,beula_lingo@yahoo.com,1984-08-17,Black,High School,37
Sheridan,Mckenize,31 Davy St,sheridan.mckenize@hotmail.com,1962-10-23,Unknown,High School,59
Dino,Meinert,80 Ellerslie Rd,dino.meinert@yahoo.com,1987-08-26,Black,Associate,34
Rebbeca,Rubinstein,4 Sherwood St,rebbeca_rubinstein@hotmail.com,1971-09-15,Native American,Bachelor's,50
Celia,Reisling,8362 Whithorn St,celia.reisling@hotmail.com,1963-11-30,Native American,Associate,58
Stefania,Weatherwax,25 Dale St #2,sweatherwax@yahoo.com,1973-07-22,Asian,Doctorate,48
Leah,Luchterhand,68 Scotland Place,leah@hotmail.com,2000-10-24,Black,Bachelor's,21
Billy,Selma,338 Alfonso Rd,billy.selma@yahoo.com,1981-05-18,Native American,High School,40
Doug,Lucore,65 Rankin St,dlucore@yahoo.com,1985-06-19,Unknown,Doctorate,36
Veronica,Mcclodden,8 Cookson St,veronica@hotmail.com,1984-05-29,Unknown,Doctorate,37
Laquanda,Kho,7 Lockhart St,laquanda.kho@yahoo.com,1978-08-17,Native American,Associate,43
Mohammad,Poitra,363 Vandries St,mpoitra@yahoo.com,1971-04-07,Black,Doctorate,50
Mozell,Westad,8 Gertrude St,mozell.westad@westad.co.uk,1988-11-08,Unknown,Bachelor's,33
Bronwyn,Bridgford,826 Rumney Rd West #7,bronwyn.bridgford@yahoo.com,1983-04-03,White,Associate,38
Jeff,Brossoit,954 Madelaine St,jeff.brossoit@yahoo.com,1975-12-12,Asian,Associate,46
Shantay,Hopman,7602 Brook St #86,shopman@hopman.co.uk,2001-05-09,Black,Doctorate,20
Chantay,Jirsa,966 Bower St,chantay_jirsa@jirsa.co.uk,1999-07-16,Black,Doctorate,22
Keneth,Stpierrie,2 Seacombe St,keneth_stpierrie@hotmail.com,1996-05-10,White,Doctorate,25
Alton,Rampy,83 Battenburg St,alton_rampy@gmail.com,1982-01-14,Native American,Master's,39
Patrick,Teisberg,2 Whitefield Rd,patrick@hotmail.com,1985-01-25,Native American,Bachelor's,36
Theron,Merriam,869 Luke St,theron@merriam.co.uk,1972-12-23,Unknown,Master's,49
Pilar,Seelig,4 Ogwen St,pilar@yahoo.com,1974-03-25,White,Bachelor's,47
Lashunda,Argiro,205 Forge St #4021,lashunda@yahoo.com,1972-04-18,Asian,Master's,49
Verda,Chiphe,999 Upper Harrington St #61,vchiphe@chiphe.co.uk,1996-06-22,Unknown,Doctorate,25
Ashley,Tropp,3 Greenleaf St #5644,ashley.tropp@gmail.com,1979-02-11,Native American,High School,42
Vesta,Havely,493 Wellington Rd,vhavely@havely.co.uk,1975-12-29,Unknown,Doctorate,46
Emogene,Ritthaler,1257 Stone St,emogene.ritthaler@yahoo.com,1979-04-20,Asian,Associate,42
Shayne,Mordhorst,1 Bousfield St,smordhorst@mordhorst.co.uk,1992-10-16,White,High School,29
Franchesca,Charry,59 Westminster Rd,franchesca@gmail.com,1991-02-06,Black,Doctorate,30
Elmira,Ringlein,143 Clark St #802,eringlein@gmail.com,1966-09-30,Native American,Master's,55
Destiny,Madlem,421 Monument Place #44,destiny@yahoo.com,1987-09-29,Native American,Associate,34
Gaston,Szumski,8 Gullett St,gaston.szumski@hotmail.com,1974-11-06,Unknown,Associate,47
Ronna,Mittler,2767 Pembroke St #979,ronna_mittler@hotmail.com,1967-03-29,Native American,High School,54
Angelica,Poisso,47 Orry St #8243,apoisso@gmail.com,1976-06-28,Asian,Bachelor's,45
Casie,Arzilli,5 Noon St,casie@gmail.com,1984-11-15,Black,Bachelor's,37
Magdalene,Cocherell,510 Belvidere Rd,magdalene_cocherell@yahoo.com,1993-07-16,White,High School,28
Erasmo,Gath,860 Rokeby St,egath@hotmail.com,1987-08-22,Unknown,Master's,34
Rosalia,Ziv,9362 Solomon St #97,rosalia.ziv@ziv.co.uk,1969-10-12,Unknown,Master's,52
Lyda,Cronholm,916 Strand St #4753,lyda.cronholm@cronholm.co.uk,1987-04-12,Asian,Master's,34
Lisandra,Stueber,5 Bentinck St,lisandra_stueber@hotmail.com,1971-10-05,Black,Bachelor's,50
Sabina,Prok,954 Birchdale Rd,sabina.prok@prok.co.uk,1984-02-07,Native American,Bachelor's,37
Elenore,Gomoran,7 Great Orford St,elenore_gomoran@yahoo.com,1978-09-03,Native American,Associate,43
Brynn,Capra,488 Mulberry St,brynn_capra@yahoo.com,1977-12-22,Asian,Bachelor's,44
Leeann,Flory,1761 Johnstone St,leeann@gmail.com,1975-08-15,Black,Bachelor's,46
Janet,Steimer,8899 Mere Lane,janet_steimer@hotmail.com,1967-06-21,Unknown,Doctorate,54
Lewis,Mellom,6 St Hilda St,lewis@yahoo.com,1996-01-15,Native American,Doctorate,25
Jestine,Driscol,2725 Underley St #6452,jestine_driscol@driscol.co.uk,1979-04-06,Asian,Master's,42
Tatum,Parks,6061 Back Nile St,tparks@parks.co.uk,1962-04-13,White,Master's,59
Kayleigh,Bendle,9735 Linton St #2284,kayleigh.bendle@bendle.co.uk,1975-03-20,Unknown,High School,46
Lili,Imondi,9 Herbert St,lili_imondi@hotmail.com,2001-10-21,Asian,High School,20
Sunshine,Senechal,40 Cairo St,sunshine.senechal@hotmail.com,1987-08-17,White,Doctorate,34
Remona,Heier,7199 St Clare Rd,remona.heier@heier.co.uk,1988-07-29,Native American,Associate,33
Gail,Carris,6 Conyers St #3346,gcarris@hotmail.com,2000-08-11,Black,Bachelor's,21
Dong,Oropeza,8657 Cedar St #2,doropeza@hotmail.com,1978-05-07,Unknown,Bachelor's,43
Larue,Ocacio,8 Jacob St,larue@yahoo.com,1988-02-08,Asian,High School,33
Goldie,Sonkens,6174 Botanic Pl,gsonkens@sonkens.co.uk,1973-07-18,Unknown,Master's,48
Shelia,Plues,9730 Dunnet St,shelia@gmail.com,1995-10-25,Unknown,Bachelor's,26
Narcisa,Araiza,8783 High St,naraiza@hotmail.com,1969-04-13,Unknown,Bachelor's,52
Evelynn,Frede,8 Breckfield Road North,evelynn.frede@gmail.com,1982-01-07,Asian,Bachelor's,39
Arlean,Calaf,82 Waterhouse Lane,acalaf@yahoo.com,1997-02-25,Asian,Bachelor's,24
Tamra,Yu,2 Park Rd Walton #4338,tamra.yu@hotmail.com,1993-04-28,Unknown,Doctorate,28
Dusti,Maricle,59 Charles St,dusti@gmail.com,1990-03-05,White,High School,31
Aracelis,Donham,593 Kinglake St,aracelis.donham@hotmail.com,1970-03-03,Black,High School,51
Filiberto,Fredrikson,404 Aigburth St #4246,filiberto_fredrikson@gmail.com,1970-04-24,Native American,Doctorate,51
Leana,Stackpole,690 Copenhagen Rd,lstackpole@yahoo.com,1989-05-11,White,High School,32
Man,Homer,7 Canton St,man.homer@gmail.com,1973-08-11,Black,Associate,48
Lennie,Asley,79 Pine St,lennie_asley@gmail.com,1972-05-14,Unknown,Bachelor's,49
Arletta,Naomi,9 Lodwick St,arletta_naomi@naomi.co.uk,1992-06-22,Black,Bachelor's,29
Chana,Perera,9 Ogwen St,chana.perera@hotmail.com,2000-01-15,Native American,Associate,21
Nell,Pao,1730 Seymour St,npao@gmail.com,1988-05-07,Asian,Bachelor's,33
Antonio,Heilig,35 Elton St #3,antonio.heilig@gmail.com,1990-05-13,Native American,Bachelor's,31
Gerald,Kernagis,8 Hinton St #8241,gerald_kernagis@kernagis.co.uk,1995-07-25,Asian,Bachelor's,26
Sueann,Mandril,751 Stamford St,smandril@hotmail.com,1972-06-20,Black,High School,49
Alayna,Hoyal,70 Royal St,alayna_hoyal@hotmail.com,1991-12-15,Black,Bachelor's,30
Talia,Marthe,5 Minerva St,talia.marthe@gmail.com,1966-08-08,White,High School,55
Pansy,Kopan,1 Northampton St,pansy@kopan.co.uk,1980-09-09,Unknown,Bachelor's,41
Royce,Saik,2 Maple Grove,royce@hotmail.com,1986-07-06,Black,Master's,35
Cherelle,Sorrel,794 Hook St,cherelle_sorrel@gmail.com,1961-05-05,Asian,High School,60
Dudley,Dibartolo,91 Ludlow St,dudley_dibartolo@yahoo.com,1975-10-24,Asian,Bachelor's,46
Nettie,Aldaco,51 Freehold St #224,nettie.aldaco@yahoo.com,2002-12-28,Black,High School,19
Carline,Bulcao,7 Hey Green Rd #4,carline@yahoo.com,1983-12-27,Native American,Bachelor's,38
Shanda,Lunger,2476 Marsh St,slunger@gmail.com,1981-05-09,White,Bachelor's,40
Emilio,Withers,597 Threlfall St #72,emilio_withers@yahoo.com,1977-10-08,Unknown,Doctorate,44
Lovetta,Study,1 Jervis St,lovetta@study.co.uk,1996-10-18,Native American,High School,25
Felice,Gone,7602 Grantham St,felice.gone@hotmail.com,1980-11-13,Unknown,Associate,41
Stefania,Leadbeater,10 Carisbrooke St,stefania_leadbeater@hotmail.com,1999-07-09,Unknown,High School,22
Margarita,Orloski,78 Pine Grove,margarita_orloski@yahoo.com,1963-08-15,Asian,Master's,58
Paul,Farrin,7 Varthen St,paul.farrin@farrin.co.uk,2002-05-07,Asian,Associate,19
Anglea,Tritten,8 Thomaston St,anglea_tritten@hotmail.com,1990-08-13,Unknown,Associate,31
Ona,Bowhall,527 Harding St,ona@yahoo.com,1963-04-21,Asian,Bachelor's,58
Germaine,Hascall,1616 Menzies St #453,ghascall@hotmail.com,1976-05-08,Unknown,Master's,45
Vicky,Schellenberge,3922 Leda St,vschellenberge@hotmail.com,1995-05-14,White,Master's,26
Carolann,Gross,6352 Grosvenor St,carolann@gross.co.uk,1966-08-12,Unknown,Associate,55
Rusty,Adelsperger,4313 Princes Park Terrace,rusty.adelsperger@yahoo.com,2001-12-09,White,Doctorate,20
Cassandra,Bludworth,9 Sydney Place,cbludworth@yahoo.com,1976-08-22,Unknown,Bachelor's,45
Teresita,Gesell,2015 Suburban Rd,teresita_gesell@hotmail.com,1965-03-02,Black,High School,56
Evangelina,Gius,769 Euston St,evangelina.gius@yahoo.com,1983-08-08,Black,Bachelor's,38
Marlon,Tromblay,46 Stevenson St,mtromblay@yahoo.com,1990-01-29,Unknown,High School,31
Quiana,Scarsella,1400 Ash St,quiana_scarsella@hotmail.com,1979-03-21,Asian,Bachelor's,42
Viki,Humeniuk,8822 Trafalgar St,vhumeniuk@gmail.com,1961-03-27,Unknown,High School,60
Domitila,Weissmann,28 Berwick St,domitila@gmail.com,1993-04-21,Unknown,Master's,28
Ivan,Aronov,94 Regent St,ivan@gmail.com,1966-09-02,Black,Master's,55
Anabel,Baldock,30 Marine Parade #1,anabel_baldock@hotmail.com,1980-08-03,Native American,High School,41
Carlton,Blyler,8 Pim Hill St,carlton@blyler.co.uk,1982-05-08,Unknown,Bachelor's,39
Rashida,Vera,8451 Bengel St,rashida@hotmail.com,1984-11-18,White,Doctorate,37
Sherron,Knodel,159 Carlton St,sherron@knodel.co.uk,1979-08-07,Black,Bachelor's,42
Cora,Mossing,38 Raffles St,cora@yahoo.com,1973-01-19,Asian,Doctorate,48
Altha,Tischner,650 Goring St,altha@hotmail.com,1988-08-04,White,Doctorate,33
Dortha,Yaccarino,6 Chestnut St,dortha@hotmail.com,1973-02-16,Black,Master's,48
Diego,Augle,4 Peover St,diego.augle@gmail.com,1968-03-01,White,High School,53
Peggy,Khov,328 Pallas St,peggy.khov@gmail.com,1984-02-20,Native American,Master's,37
Walton,Yuki,9 Waltham Rd,wyuki@gmail.com,1970-12-01,Asian,High School,51
Vallie,Yafaie,352 Strathmore Rd,vyafaie@hotmail.com,2002-08-27,Unknown,Bachelor's,19
Tony,Diazdeleon,529 Llanrwst St,tony@gmail.com,1969-08-22,Unknown,Doctorate,52
Val,Villot,1980 Tynemouth St,val@yahoo.com,1977-04-26,Black,Associate,44
Mel,Picciuto,8598 Rumney Rd,mel.picciuto@gmail.com,1971-11-04,Native American,Associate,50
Isabella,Piatkowski,9283 Ruth St #81,isabella_piatkowski@piatkowski.co.uk,1981-11-27,Asian,Associate,40
Erasmo,Rhea,5544 Sutherland St,erasmo_rhea@hotmail.com,1988-07-29,Black,Master's,33
Ivory,Lohrenz,9 Jackson St,ivory@hotmail.com,1969-11-16,Asian,Associate,52
Nikita,Walka,3612 Bixteth St,nwalka@hotmail.com,1997-07-28,Black,Associate,24
Aleta,Ligons,4545 Victoria Rd,aleta_ligons@hotmail.com,1977-08-17,Unknown,Associate,44
Owen,Jentzen,5 Hampden St,owen_jentzen@jentzen.co.uk,1967-09-05,Black,Doctorate,54
Pauline,Fling,6452 Pilgrim St #5,pfling@fling.co.uk,1964-08-10,Black,Doctorate,57
Tijuana,Machalek,1149 Highfield Rd #996,tijuana.machalek@gmail.com,2000-09-01,White,Bachelor's,21
Ahmad,Alsaqri,21 Pickwick St,ahmad.alsaqri@yahoo.com,1979-01-25,White,Bachelor's,42
Jamika,Conoly,19 Soho St,jamika_conoly@conoly.co.uk,1967-07-26,Asian,Bachelor's,54
Derrick,Dolloff,236 Blantyre Rd,derrick_dolloff@gmail.com,1973-04-29,White,Associate,48
Jacquelyne,Reibman,70 Lilly Rd,jacquelyne_reibman@yahoo.com,1995-10-29,Unknown,Master's,26
Zachary,Freeburger,58 Gloucester Rd,zachary.freeburger@freeburger.co.uk,1999-05-11,White,Bachelor's,22
Sophia,Gaucher,88 Upper Harrington St,sophia.gaucher@hotmail.com,1962-11-07,Asian,Associate,59
Isabelle,Kono,4920 Fazakerley Rd,isabelle.kono@yahoo.com,1976-09-22,Asian,Master's,45
Ronnie,Brigman,6 Morley St,ronnie@brigman.co.uk,1992-08-31,Black,High School,29
Krystina,Schlabaugh,7316 Friar St,kschlabaugh@schlabaugh.co.uk,1964-06-26,Asian,Doctorate,57
Rosita,Ausdemore,8 Heathfield St #657,rausdemore@hotmail.com,1990-10-26,Asian,Bachelor's,31
Huey,Stancil,275 Peel Sq,hstancil@hotmail.com,1962-02-07,White,Associate,59
Elbert,Fiorino,726 Westmoreland Place,elbert@hotmail.com,1981-07-26,White,High School,40
Pura,Manciel,7 Water St,pura.manciel@yahoo.com,1970-09-03,Unknown,High School,51
Alesia,Katie,4 Covent Garden,alesia_katie@gmail.com,1997-12-06,Unknown,Associate,24
Avery,Veit,9166 Devon St #905,avery@veit.co.uk,2001-03-27,Unknown,Master's,20
Reid,Euresti,70 Foster St,reuresti@euresti.co.uk,1998-05-22,White,High School,23
Charlette,Brenning,714 Fonthill Rd,cbrenning@brenning.co.uk,1965-01-08,Asian,Associate,56
Celestina,Keeny,9 Milton St,celestina_keeny@gmail.com,1989-03-01,Native American,High School,32
Mi,Richan,6 Norwood Grove,mi@hotmail.com,1981-12-08,Native American,High School,40
